cluster_id,Site_ID
1,[4578]
2,"[4965, 4576, 4577]"
6,"[6664, 6659, 6660, 6661, 7585, 6665, 6654, 6666]"
9,"[9459, 9425, 9455]"
11,[1770]
12,"[4895, 4894, 5334, 4748]"
13,[150]
15,"[13198, 13196, 13194, 13132, 13197, 12149, 13200, 13133, 13201, 13136, 13202, 13205]"
26,[16386]
29,"[7089, 7087, 6597, 6598, 6595, 6596, 6594, 6609]"
30,[3453]
31,"[16191, 17148]"
35,"[2595, 3344]"
36,[6311]
37,"[3206, 2590]"
46,"[5923, 6559, 6130, 5917, 5915, 6558, 6126, 6563, 6124, 6557, 5913, 5916, 5911, 5910, 5909]"
63,[5075]
71,[72]
86,"[1330, 1397, 1597, 1621, 1620]"
88,[6490]
97,[10274]
101,[5201]
113,"[12582, 12146, 12144, 12581]"
115,"[4395, 4394, 4396, 4141]"
121,[75]
127,[317]
134,"[12589, 12590, 13301, 12605, 13328, 12604, 13331, 13333]"
135,"[11525, 11522]"
138,[3616]
139,"[10374, 10372, 10375, 10382, 10384]"
140,[10379]
141,[303]
142,"[18076, 18112, 18110, 18109, 18107, 18108]"
144,"[3846, 3857, 3842]"
148,"[7470, 7471, 7465, 7466, 8783, 7469, 8758, 8753, 8182, 8761]"
149,"[7419, 7418, 7409, 11338, 7997]"
150,"[7460, 8074, 8755, 8757, 8756, 7839, 7467, 7837, 8759, 8760, 8726, 8076, 8754, 8767, 8729, 8075, 8766, 8724, 8723, 8765]"
151,"[2813, 2820]"
152,"[3679, 3381, 3382, 3685, 3375, 3376, 3683, 3686, 4354, 3688]"
153,"[3880, 3885, 3881]"
155,"[149, 4913, 4254, 4916, 4918, 4920, 4922, 4912, 4914, 4253, 4248]"
156,"[321, 7416, 7417, 7963, 6768, 6763, 7965, 7414, 7967]"
157,"[4458, 4463, 4481, 4483, 4457]"
162,"[8751, 9155]"
168,[15432]
169,"[7836, 7459]"
170,"[10887, 12080, 13906, 13913, 10902, 12079, 11598, 13898, 13903, 12083, 10901, 13908, 13899, 13902, 15177, 13925, 13930, 13897, 13910, 13900, 13928, 13901, 12081, 13912, 15178, 14503, 13909, 13905, 10885, 13907, 13904, 13926, 13931, 15180, 15176, 14501, 14507, 14509, 14504, 14508, 15182, 13911, 14505, 15181, 14502, 13163, 14461, 15183, 13224, 15179, 15184, 13221]"
171,"[5626, 5628, 6024, 5763, 5388, 5999, 5375, 6001, 6023]"
174,[1014]
176,"[6305, 6306, 6307, 4925]"
178,"[3901, 3898]"
179,"[6505, 6215, 5725, 6212, 5724, 6213, 6210]"
180,"[4745, 5719, 5721, 5509, 5511, 5510]"
181,"[9289, 9235, 9290, 8708, 9238, 9161]"
182,"[4480, 4485]"
183,"[5481, 504]"
184,"[545, 1735, 1675]"
185,"[11599, 11609, 11608, 11611, 11601, 11602, 11615, 11607, 11610, 12267]"
187,"[1818, 1821, 1819, 1854, 1850, 1807, 1805, 1815]"
188,"[3589, 3587, 3588, 3427, 3418, 3452]"
189,"[342, 1775, 1773, 340, 341, 348, 1774]"
190,"[7463, 7462, 7464, 6613]"
191,"[11366, 10695, 10693, 11350, 10667, 10694, 10691, 10692, 10666, 10664]"
192,"[1419, 3558]"
193,"[10568, 10567, 10811, 10554, 10566, 10565, 10563, 10562, 10560, 10553, 10552, 10551]"
194,"[7408, 7407, 7406]"
195,"[2196, 3225, 3224, 2811, 2809, 3223, 1811, 1810, 2405]"
196,"[4300, 4299, 4301, 4304, 4302, 4306]"
197,"[4142, 4146]"
198,"[9658, 10175, 9656, 9655, 9693, 9695, 9694, 10186, 9696, 9651, 9657, 10181, 10173, 9653, 10182, 9654, 10183, 9697, 9690, 10174, 9652, 9614, 9698, 9687, 9618, 10187, 10185, 9688, 9611, 10184, 9709, 9683, 8929, 10191]"
199,"[3675, 3673, 3671]"
200,"[180, 177]"
201,"[3342, 3353]"
202,"[9315, 9317, 9313, 9162, 9314, 9316, 9312, 11048, 9160, 8733, 8732]"
203,"[8731, 8728, 8730]"
204,"[5914, 5463, 5908, 5920, 5919, 5921, 5918, 6578, 6577, 5922, 6583, 6581, 6579, 6580, 6586, 5912, 6585, 6587, 6584, 6560, 6590, 6588, 6589, 6591, 6592]"
205,"[6128, 6127, 6041, 6037, 6131, 6129, 6035, 6125, 6038, 6123, 6122, 6132, 6039, 6121, 6120]"
206,[2159]
207,"[4249, 4240, 4243, 4252, 4250, 4246, 4238, 4911, 4241, 4247, 4242]"
208,"[10908, 10906, 10905, 10903, 10904, 10907]"
209,"[9901, 11050, 11053]"
210,"[8727, 8725, 7838]"
211,"[10561, 12389, 10559, 10564, 12387, 10556, 12390, 10555, 11157, 10082, 10079, 12391]"
212,"[8442, 7724, 8473, 7723, 7748, 8460, 7743, 7722, 8463, 8446, 8445, 8475, 7746, 7740, 8474, 8449, 8448, 8450, 8476, 8469, 8470, 8461, 7739, 7742, 9076, 9072, 8465, 7747, 8480, 8472, 9070, 8462]"
214,"[10899, 10897, 10456, 10895, 10900, 10893]"
219,"[118, 7088, 117, 6599, 6593]"
220,"[8784, 13588, 13592, 8189, 7472, 8183, 8185, 8187, 15333, 8763, 8785, 8762, 8764]"
221,"[4208, 4219, 4225, 4229, 4279, 4277, 4231, 4245]"
222,"[15373, 15327, 15324, 15322, 15319]"
223,"[3379, 3351, 3346]"
226,[507]
227,"[11395, 11393, 11398, 10383]"
228,"[10370, 10369, 10365, 10373, 10366, 10371, 10364, 10198, 10351, 10363, 10193, 10362, 10367, 9730, 10190]"
229,"[11396, 11394, 10742]"
230,"[7468, 7316]"
231,[11399]
232,"[7835, 7834]"
233,"[6565, 6564, 6562, 6561]"
236,"[8180, 8188, 7314, 8181, 8186, 8184, 8191, 7487, 8190, 7489, 8215]"
238,[2289]
239,"[7308, 7307, 6633]"
240,"[3879, 3878, 3877, 3876]"
241,"[8199, 8194, 8200, 8197, 8789, 8786, 8790, 8793, 8788, 8791, 8787, 9398, 8792, 8794, 8795, 8796, 8770]"
242,[3900]
244,"[10998, 10999]"
245,"[6737, 6735]"
247,"[10979, 10977, 10980, 10975, 10983]"
248,[10995]
249,"[8680, 7975, 8679, 7976, 7974, 7973, 7971]"
250,"[8687, 8661, 8658, 8683, 8685]"
251,[6032]
255,"[5630, 5762, 5629, 5627, 5729]"
269,[122]
279,[125]
285,[165]
286,"[12404, 12883, 12394, 12880, 12392, 12405, 12891, 12393, 12888, 12879, 11159]"
291,"[8348, 8073, 8318]"
297,"[5745, 5746, 4281, 4280, 5743]"
309,"[12735, 13439]"
328,[3559]
331,"[6389, 6385]"
340,"[6033, 5137, 5136, 6118, 6117]"
341,[139]
343,"[974, 1299, 965, 966, 964]"
350,"[217, 223, 221, 220, 215, 218, 213, 214, 216, 210, 211, 219, 212, 224]"
365,"[1851, 2273, 1853, 2275]"
368,[59]
369,"[16382, 16311]"
370,"[7833, 7782, 7780]"
372,[6343]
384,[17194]
395,"[16383, 16381, 15566, 15604, 16380, 15603]"
406,"[9679, 8425, 9020, 9678, 8421, 8418, 8452, 9028, 9681, 8417, 9023, 8416, 8422, 8420]"
415,"[16041, 16039, 16040]"
416,[11446]
421,"[12015, 11960, 12688]"
431,[12839]
433,"[16476, 16483, 16471, 17209, 16475, 16472, 16466, 16480, 16465, 16482, 16464, 16460, 16057, 16060, 16463, 16056]"
438,[17212]
441,"[6739, 7326, 6738]"
445,"[18086, 18092, 18088, 18090, 18093, 18095]"
448,[4978]
449,"[15478, 15484, 15977, 15979, 15978]"
450,"[14013, 14725, 14726, 14005, 14723, 14722, 14724, 14721]"
451,"[17694, 17695]"
452,[18497]
453,"[14800, 14799, 14793, 14413, 14412, 14803, 14804, 14094, 14093, 14090]"
455,[16076]
458,"[15476, 15477, 15483, 15485]"
459,"[14728, 14819]"
460,"[13489, 13490]"
461,"[12126, 12125, 12130, 13374, 13376, 12123, 12128, 13377, 12124, 13378, 13381, 12118, 13380, 12127, 13379, 13382]"
463,"[8223, 8221, 8872, 8218, 8222, 8217, 8216, 7542, 8319, 8870, 8316, 8874, 7541, 7543, 7544, 7540, 8317, 7539, 8313, 8219, 7538, 7537]"
465,"[6961, 18308, 18374, 18372, 18371, 18376, 18310, 6958, 18369, 18375, 18370]"
467,"[13584, 12732, 12730]"
471,"[10621, 10622, 10623, 9938, 10624, 10628, 10630]"
473,"[12194, 13255, 13253, 12156, 13210, 13256, 12157, 13258, 13259, 13214, 13264, 13260, 13263, 13261, 13215, 13262]"
488,"[14450, 14811, 15454]"
490,[1018]
492,[12840]
493,"[16329, 16325, 16331, 16332, 14975, 15530, 15529, 16324, 16330, 16320, 14972, 16319, 16321, 15527, 16328, 15535, 16323, 16318, 16334, 16317, 16316, 15905, 16314, 15531, 15563, 16308]"
498,"[14970, 18152, 18149, 18516, 14968, 14963, 14964, 14962, 14961, 17602, 17610, 14960, 18147, 14956, 14677, 14954, 14674, 14057, 14951, 14053]"
500,"[14031, 14032, 14034, 14033, 15336]"
502,"[17561, 17565, 17552, 17559, 17553, 17555, 17560, 19261, 18115, 18116, 18118]"
504,"[16441, 15464, 15463]"
506,[15803]
507,"[18178, 17190, 18175]"
510,"[6345, 6344, 6342, 6346, 13585, 6339]"
512,[14029]
514,[13423]
516,"[13935, 13937, 13933, 13932, 13238, 13939, 13237, 13236, 13938, 13235]"
518,"[12073, 12071, 11535, 11534]"
519,"[17104, 17550, 17546, 17548]"
522,"[14142, 14139, 14138, 14140, 14141, 14137]"
523,"[17067, 17061, 17059, 17234, 16310, 17066, 17065, 17233, 17237, 17069, 16309, 17070, 17071]"
524,"[12838, 12299, 14021]"
525,"[17829, 17826, 17881, 17831, 17883, 17830, 17832, 17821, 17835, 17816, 17815, 17884, 17817, 17818, 17047, 17030, 17029]"
526,"[14099, 14482, 14483]"
527,"[13069, 13135, 13140, 13137]"
528,[5971]
529,"[18137, 18442, 18131, 18441, 18130]"
530,"[16449, 16458, 16453, 16442, 16443, 16450, 16445, 16454]"
534,"[524, 15375, 14023, 12841]"
535,"[14040, 14680, 14681, 14684, 14707, 14706, 14708]"
539,[13586]
540,"[12066, 12067, 4594, 11536, 11533]"
543,"[15449, 15605]"
553,"[12865, 12340]"
556,"[12757, 12756]"
561,"[13076, 13078, 13080, 13079, 13077]"
562,"[13460, 13455, 13587, 13590, 13456, 13591, 13451, 13450, 12701]"
564,"[981, 14654, 14658, 14670, 961, 979, 15381, 14660, 14661, 14662, 14663, 14665, 14666, 14667, 15397, 15400]"
568,"[13443, 13444, 13084]"
571,"[2294, 2299, 2301]"
572,"[12339, 12338, 12296]"
573,"[14028, 14024, 14027, 14030, 15376]"
574,"[14071, 13446, 14077, 13449, 14758, 14760, 13447, 14069, 14759, 13083, 14070, 14763, 14079, 13448, 14705, 13441]"
575,"[16070, 16067, 16068, 16065, 16062, 16061]"
576,[2415]
577,[2296]
579,"[18518, 18520, 18515, 18514, 17603, 17604, 17593]"
580,"[15816, 15817, 15262, 15264, 15263, 15261]"
584,"[11560, 15215, 12000, 15238, 11999, 15511, 11557, 12025, 15515, 15510, 12028, 15509, 15512, 15508, 15514, 15507, 15516, 15240, 15518, 15517]"
586,[8173]
587,"[7282, 5623, 7271]"
588,"[12335, 12332]"
593,"[14628, 14629, 15305, 14114, 14626, 15312, 14627, 15314]"
598,"[12863, 12874]"
604,"[16044, 16438, 16042]"
605,"[456, 15479, 15470, 15472, 15466, 15465, 14807]"
606,[16188]
625,"[432, 431]"
631,"[10898, 10868, 10869, 10876, 10896, 10872]"
637,"[3372, 3383]"
640,"[23, 21, 22, 20]"
647,[17188]
652,"[16327, 16322, 16326, 15925, 16333, 15918, 16312, 15421, 15416, 15395, 15410, 15408, 15407, 15402]"
655,[13459]
656,"[170, 171, 173]"
664,"[14523, 14520, 14524, 14518, 14522, 14519, 14541, 13955, 14525, 14521, 14539, 14528, 14542, 14530, 14545, 14527, 14543, 14529, 14550, 15770, 14544, 14526, 15771, 13973, 15775, 14511, 15772, 14510, 15218]"
665,"[3426, 3425, 3429, 3420, 3424, 3419, 3415, 3414]"
666,"[17529, 17530, 18065, 18063, 17540, 18067, 17525, 17536, 18068, 17524, 18069, 17533, 17535, 17052, 17532, 17539, 17534, 17072]"
667,"[12072, 12746, 12751, 12748]"
674,"[14452, 14454, 13147, 14455, 13146, 13895, 14456, 13145, 14458, 14451, 14457, 14453, 13896, 13894, 13164, 13144, 14459, 14460]"
675,"[15229, 15231, 14484, 15230]"
677,"[1893, 17189, 17191]"
678,[12871]
679,[13583]
680,"[17058, 17062, 17060, 17063, 17064, 17068, 17050, 17042]"
682,[9869]
687,[13442]
690,"[12733, 12741, 12752, 12740]"
691,"[14810, 14808, 14078, 14087, 14076, 14075, 14082, 14080, 14074, 15453, 14086, 14073]"
697,"[18181, 18182, 17195, 18185, 18183, 17192]"
704,"[1467, 1371, 1370]"
713,[10997]
720,[330]
731,"[15886, 15898, 15891, 15888, 15900, 15889, 15901]"
742,"[9462, 9430, 10285, 9431, 9429]"
743,"[2276, 2123, 1846, 2277, 2124, 1845, 2279, 2122, 1844, 1842]"
746,"[5326, 5323, 5933, 5321, 5930, 5945, 5947, 5938, 5943, 4884]"
749,[3228]
751,[9877]
755,"[7730, 7732, 7731, 7728, 7729, 7733]"
759,"[7128, 5192, 7127]"
760,[7852]
761,"[2952, 3288, 2951, 2636, 3287, 3286, 3294, 3289, 3296, 3290, 3291, 3486, 3485]"
762,"[5241, 5239, 5227]"
763,"[10648, 10646]"
764,"[3551, 3448]"
770,"[4964, 4573]"
771,"[7718, 7700, 7719, 8435, 8441, 7673, 7675]"
772,"[8869, 8867]"
773,"[6642, 6641, 6645, 6643]"
775,"[9465, 10294, 9464, 9461, 10288]"
777,"[1634, 2125, 1839]"
780,"[3706, 3705, 3707, 3696, 3704, 3732]"
782,"[10649, 13338, 10954, 10953, 10968, 10965, 10955, 10966, 10958, 9993, 10969, 10956, 10959, 10957]"
783,[9622]
784,"[2285, 2284, 2282]"
785,"[7111, 7113, 7104, 6458]"
786,"[3234, 3242]"
787,[6791]
788,"[5197, 5199]"
789,"[11038, 10432, 11034, 11037]"
790,"[10650, 10007, 9948, 10652]"
791,"[14822, 10417, 14821, 9870, 14820]"
793,[10801]
796,"[17136, 7878]"
797,"[5200, 5198, 5204]"
798,[4698]
799,[5259]
800,"[4579, 5404, 5405, 4574, 4575, 4572]"
802,[5226]
804,"[3509, 3513, 3514]"
805,"[14558, 14562, 15259]"
806,[764]
807,"[3506, 3508, 3503]"
811,[9628]
813,"[5196, 4699]"
814,"[3364, 3365]"
815,"[55, 1455, 1838, 1836, 1835, 1452, 1837]"
816,[1856]
817,"[6373, 6370, 6372, 6371, 6361, 6374, 7008, 6395, 6399, 6397]"
818,"[5228, 6082, 6083, 18689, 18688, 18684, 18686, 18075]"
819,"[304, 11547, 11039]"
820,"[11593, 11619, 11592, 12141, 11596, 11595, 11591, 11590, 11589, 11588]"
821,[9820]
823,"[763, 984]"
824,"[10293, 9463]"
825,"[4893, 1022, 4890, 4892, 4891, 4881, 4889, 4885, 4873, 4879, 4875, 4887, 4882, 4886, 4878, 4876, 4883]"
826,"[7295, 8715, 9274]"
828,[441]
829,"[526, 1457, 1451, 1450]"
831,[5406]
832,[4580]
837,"[15366, 15356, 15358, 15362, 15365, 15353, 15355, 15352, 15348]"
838,"[11550, 11411]"
841,[10922]
843,"[14410, 3860, 14409, 14798, 14407, 14405, 14408, 14414, 14403, 14816, 14401, 14415, 14813, 14406, 14399, 14402, 14797, 14750, 14404, 14411, 14751, 14398, 14400, 14397]"
848,"[10292, 10059, 10960, 12167]"
851,"[6267, 6266, 5409]"
852,"[8713, 9277, 8570, 9306, 8714, 8021, 8746, 8748, 8577, 8580, 8573, 8572, 8571]"
860,"[7270, 7843, 7842, 7846, 7267, 7847, 7849, 7840, 7848, 7845, 7844, 7841, 8098, 8092, 7850, 8101, 8094, 8112, 7851, 8096, 8108, 8095, 8104, 8111, 8109, 8100]"
861,"[3189, 3246, 3247]"
864,[5109]
865,[7721]
867,"[11030, 11032, 10428, 11031, 11036, 11033, 11035]"
872,[10810]
873,[5110]
874,[5229]
876,"[11830, 11565, 11826, 12500, 11829, 12745, 11831, 11564, 11824, 12747, 11566, 12750, 12744, 12749]"
881,[8372]
882,"[10430, 10435, 10436]"
885,"[7131, 7132, 7198, 7134, 7137, 7201]"
890,[9565]
891,"[241, 240, 242, 287]"
892,"[7715, 7727, 7720, 7734, 7736, 7737]"
894,[6620]
898,"[11123, 11502, 11500, 11509, 11514]"
899,[10914]
900,"[992, 994]"
902,[11000]
904,"[5195, 5194, 4352, 3780, 4351]"
907,"[8581, 9354]"
908,"[3321, 4562, 4564, 3813, 3811, 3320, 3812, 3319, 3810, 2989, 4565, 2988, 4566, 2980, 2987, 2965, 2986, 4561, 3402]"
910,"[1385, 1053, 1169, 1165, 1052, 1168, 1166]"
913,"[9633, 9630]"
914,"[10360, 10353, 10348, 10354, 10352, 10349, 10359, 10355, 10802, 10357, 10203, 10347, 10350, 10356, 10202, 10358, 10741, 10200, 10689, 10199, 10204, 10196, 10688, 10201, 10197, 10189, 10194, 10195, 10192]"
920,"[11297, 11300, 11563]"
921,[1859]
923,[134]
927,"[11461, 11459, 11125, 11091, 11458, 11460, 12021, 11124, 11088, 11501]"
928,"[2266, 2267, 2264, 2265]"
930,[1781]
931,"[2411, 2407, 2410, 3079, 4587, 4589, 1809]"
932,"[8712, 7831]"
939,"[9427, 9428]"
940,"[11451, 11449, 11090]"
941,"[4702, 4701, 4700]"
943,"[7247, 5964]"
945,"[10368, 10361, 9731]"
948,[4637]
950,"[9151, 9149, 9152]"
951,[4966]
953,"[3240, 3347, 3241]"
954,"[11526, 11544, 11546, 11542, 11545, 11543, 11538, 11539, 11540, 11541]"
955,"[6268, 6111, 6110]"
957,[6112]
958,[126]
962,"[4567, 3817, 4569, 3818, 3815, 3819, 3814, 3816, 4571, 3823, 3825, 3820, 4568]"
967,"[3203, 3201, 2592, 2589]"
988,"[5331, 5332, 5317]"
990,"[1002, 999]"
999,[13502]
1004,[12584]
1011,[12697]
1020,"[3202, 3204]"
1028,"[1309, 1311, 1310, 1799]"
1033,"[18158, 17605, 18163, 18148]"
1043,"[15166, 14809, 15168]"
1056,"[1804, 1808, 1803, 1806]"
1060,[184]
1062,"[1302, 1303, 1313, 970, 1297, 1324]"
1066,[11400]
1088,"[4489, 4482, 4487]"
1094,"[5074, 5309]"
1105,[203]
1110,"[9156, 9142, 8532]"
1139,[12147]
1144,[14781]
1145,"[16038, 16037, 16036, 15601, 15602, 15600, 15593]"
1150,[451]
1151,"[5124, 5132, 6119, 5907]"
1152,"[3243, 3244]"
1157,"[1279, 1278, 1280, 1494, 1496]"
1167,"[12867, 12868, 12742]"
1169,"[9576, 9578, 9573, 9574, 9575, 9610, 9615, 9616]"
1175,"[16054, 16058, 16053]"
1200,"[8501, 9138, 9139, 9059, 9140]"
1207,"[12912, 12908, 12723, 12323]"
1211,[9891]
1220,[7315]
1224,"[2511, 2508, 2515, 2513]"
1227,[13633]
1246,"[9283, 9287, 9867, 9286, 9864]"
1255,"[12291, 11505, 11504]"
1262,[17688]
1265,[12024]
1268,[3348]
1316,"[5203, 5202, 6046]"
1324,"[13232, 13233, 13245]"
1334,"[5963, 5962]"
1341,"[8953, 8954, 8952]"
1344,"[15941, 15940, 15944, 15428, 15943, 15946, 15444, 15958, 15949, 15953]"
1350,[1027]
1355,"[74, 24]"
1362,"[12630, 12632]"
1370,"[9308, 9307, 8579, 8578, 8576, 8584, 8575, 8574, 8114, 8117]"
1375,"[14801, 14796, 14794, 14802, 14806, 14777, 14795, 15467, 15475, 15481]"
1381,"[6612, 6634, 6610, 7461, 6614, 6608, 6611]"
1388,[13440]
1392,"[439, 440]"
1398,"[15427, 15942, 15931, 15419, 15413, 15417, 15411, 15412]"
1403,"[3338, 2833]"
1411,[12129]
1416,"[14814, 14012, 14815, 14010, 14009, 14817, 14818, 14011, 14008, 14006, 14007, 14003, 14002, 14004, 14001, 14000, 13999]"
1433,"[13636, 13638, 13632, 13625, 13635, 13637, 13630, 13628, 13627, 13642, 12726, 12725, 12727, 13640, 12724, 12722, 13650]"
1437,[344]
1446,"[978, 980]"
1447,"[473, 471]"
1452,"[3796, 5193, 3793, 4697, 3791, 3795, 3797, 3792, 3790, 3794, 3499, 3500, 3501, 3778, 3776, 3497]"
1455,"[7260, 7262, 7583]"
1471,[9873]
1486,"[16965, 16491, 16961, 16969, 16958, 16963, 16973, 16970, 16498, 16979, 16494, 16939, 16492, 16936, 16941, 16499, 16495, 16497, 16493, 16937, 16940, 16496, 16942, 16966, 16964, 16975, 16938, 16943, 16919, 16917, 16920, 16972, 16976]"
1500,"[1287, 1286, 1285, 1284]"
1504,"[2423, 2421]"
1506,"[12395, 12398, 12397, 12400, 12399]"
1517,"[5485, 5476, 5475]"
1522,"[592, 590, 589]"
1524,[10270]
1543,[4581]
1546,[174]
1562,[510]
1563,[11120]
1569,"[147, 148]"
1575,[2172]
1576,[2295]
1583,"[11367, 11370, 10803, 11372, 11369]"
1587,"[16422, 16421, 16423, 16424, 16418, 17118, 17117, 16425, 16420, 16410, 16419, 16417, 17125, 17106, 17121, 17119, 16395, 16414, 16409, 16415, 16397, 17105, 17107, 16416, 16408]"
1588,"[12292, 12289, 11503]"
1589,"[5603, 5757]"
1590,"[7123, 7135, 7133, 7130, 7139, 7136]"
1593,[4592]
1599,"[15331, 15334, 15337, 15338]"
1601,[1398]
1608,[10629]
1611,[12121]
1622,[13879]
1624,"[12064, 12065, 12068]"
1640,[123]
1641,[4605]
1660,[1677]
1664,"[32, 28]"
1672,"[5065, 5061, 5070, 5072, 5069, 5062]"
1675,"[13629, 13624, 13631, 13626, 13646, 12715, 13623, 12716, 12713]"
1677,"[16388, 16385, 16391, 16390, 16392]"
1681,[3505]
1691,"[6694, 6697]"
1699,"[1001, 552]"
1708,"[1645, 1642, 1638, 1639, 1640, 1644, 1641, 1643, 1622, 1619, 1624]"
1723,"[6736, 6734, 6755, 6733, 6751, 6757, 6762, 6749, 6754]"
1730,"[8172, 8170, 8283, 7513, 7239, 7230]"
1732,"[971, 1298, 973, 967]"
1747,[15448]
1756,[12150]
1758,[12132]
1761,[110]
1767,"[7598, 8282, 8292, 8286, 7596]"
1784,"[3976, 4740]"
1786,"[9458, 9457]"
1796,[11552]
1797,"[2957, 2424, 2954, 2315, 2955, 3549, 2210, 2956, 3547, 3548, 3546, 2324]"
1798,[752]
1800,"[4201, 3613, 4198, 3610, 4195]"
1801,"[99, 97]"
1808,[3847]
1809,[382]
1814,[9582]
1817,[9880]
1827,"[13458, 13461, 13404, 14624, 14136, 14134, 14135]"
1842,"[9886, 9883, 9888, 9885, 9890]"
1843,"[670, 667, 668]"
1850,"[18136, 18133, 18521, 18517, 18519, 18132, 18134, 18129, 18127, 17595]"
1851,"[152, 155, 154]"
1858,[546]
1867,"[4492, 4494, 5119, 5123, 5125]"
1868,[453]
1886,"[8710, 8706]"
1906,"[17549, 18087, 17545, 18084, 18091, 17102, 17080, 17547, 17081, 18094, 17079, 17078, 17100, 17098, 17076, 17075]"
1916,"[18172, 18171]"
1919,[1476]
1930,"[18044, 18045, 18040, 18043, 17484, 18042, 17482, 18041, 18039, 17476, 18038, 18036, 16984, 16982, 16983, 16981, 16980, 16978, 16974]"
1939,"[2256, 2262]"
1945,"[1889, 1884, 1886, 1501, 1500, 1883, 1858, 1499, 1888, 1498]"
1951,[11553]
1957,[12869]
1959,[1404]
1964,"[13491, 12693, 12717]"
1980,"[15462, 15488]"
1984,"[9570, 9568, 9571, 9569, 9572]"
1996,"[2169, 2175, 2179]"
2002,[4426]
2004,[758]
2008,"[12297, 12295]"
2010,[3545]
2012,[10275]
2015,"[10661, 10663, 10660, 10662, 10633, 10640, 10634, 10145, 10639, 10178, 10144, 10665, 10636, 10638]"
2032,"[17554, 17556, 18097, 17551, 17557, 18099, 18117]"
2049,[426]
2065,"[8496, 8494, 8495, 8466]"
2081,"[67, 68]"
2083,"[1982, 1916, 1915]"
2084,"[323, 231, 329]"
2085,[299]
2098,"[6923, 6919, 6316, 6317, 6925, 6921, 6889, 6927, 6924, 6888, 6304, 6930]"
2105,"[6445, 6447, 6450, 6448, 6446, 6443, 6451, 6452]"
2109,[11587]
2116,"[85, 183, 189, 185]"
2118,"[9157, 9768, 9143, 9759, 9762]"
2145,"[5304, 4967, 5305, 5325]"
2146,"[704, 705]"
2148,[12019]
2165,"[7281, 7283, 7280]"
2172,[11612]
2175,[3345]
2177,[1013]
2187,[6952]
2190,[181]
2192,"[18187, 18190, 18188, 18186, 18189]"
2195,[7714]
2199,"[460, 459, 1352, 462]"
2208,"[2821, 2823]"
2211,[7206]
2223,[6047]
2233,"[4461, 4467, 4462]"
2259,[10138]
2264,"[5324, 4636]"
2275,"[7829, 7209, 7828, 7825, 7208, 7269, 7830, 7207, 7205, 7268, 7204, 8018, 7202, 7200]"
2277,[982]
2280,"[325, 322]"
2287,[3560]
2293,"[12624, 12623, 12620, 12622, 12621, 12619, 12628, 12408]"
2294,[15170]
2296,"[12103, 12102, 12101]"
2310,"[16951, 16954]"
2313,[13130]
2316,[3233]
2329,[7289]
2333,"[2612, 3075]"
2334,"[2588, 2593, 2584]"
2345,"[6390, 6391, 6420]"
2347,"[15460, 15456, 15122, 15458, 14757]"
2364,"[12181, 12175, 12178, 12176, 12170, 12172, 12177, 12173, 12166]"
2365,"[11523, 11524, 11154]"
2368,"[1797, 1796, 1772]"
2370,[4546]
2371,[10820]
2375,"[5967, 5968]"
2391,"[11051, 11049, 11052, 11047, 11062, 11055, 11057, 11093, 11094, 11061, 11056, 11065, 11096, 11064, 11067, 11070, 11072, 11071, 11098]"
2395,[12148]
2408,[17141]
2412,"[1441, 1442]"
2415,"[2974, 2972, 3875]"
2424,"[6835, 7309]"
2446,"[14645, 14644, 14646, 15346, 15392, 15389, 15390, 15386, 15391, 14036, 15393, 15388, 15396]"
2459,[5311]
2474,"[12022, 12729]"
2479,[7893]
2489,[698]
2499,[11570]
2504,"[1852, 1855, 2274]"
2519,[1849]
2526,[10816]
2529,"[1258, 1283]"
2531,[398]
2532,"[10301, 10284, 10303]"
2537,"[6624, 5972]"
2547,"[11024, 11007, 11004, 12033, 11003]"
2569,[13875]
2570,[140]
2592,"[160, 157, 158]"
2606,"[8614, 8613, 8616]"
2614,"[11551, 11549]"
2617,"[819, 930]"
2620,"[310, 311, 309, 252, 249]"
2623,[5411]
2627,[7621]
2630,"[3227, 3226, 2283]"
2636,[17155]
2640,"[39, 16]"
2645,"[1731, 1671]"
2653,"[10290, 10291, 10057, 10286, 10056, 10287, 10055, 10289, 9390]"
2655,"[13139, 13138, 14473, 13209, 13208, 14096]"
2664,[3511]
2678,[15455]
2688,"[5327, 6089, 6113, 6114, 5240, 6092, 6116, 6778, 6779, 6781]"
2694,"[15836, 16950, 15835, 16952, 16960, 16967]"
2706,[136]
2711,"[4210, 3207]"
2714,[4147]
2716,"[124, 235]"
2722,[7853]
2731,"[480, 481]"
2736,"[7405, 7402, 7403, 6133, 7401]"
2740,"[4197, 4199, 4194, 4196]"
2743,[1427]
2747,"[10025, 10028, 10022, 10023, 10024]"
2755,"[3710, 3708, 3709, 3700, 3702, 3699, 3701, 3737]"
2757,"[11555, 11558, 12026]"
2772,"[7290, 6496]"
2780,"[12762, 12766, 12760, 12764, 12759, 12761, 12758, 12265]"
2785,[5937]
2789,[9889]
2797,[6135]
2806,"[9962, 11126, 9961, 9960, 9959, 10030, 9958, 11060, 11097, 11095]"
2807,[18498]
2810,"[14072, 14068]"
2833,"[16059, 16055, 16461]"
2863,"[5961, 5958, 5957, 5955, 5959, 5953, 5951, 5942]"
2869,[11556]
2882,"[9859, 9861, 9860, 9881]"
2884,[6271]
2886,[6027]
2893,"[1473, 1469, 1470, 1769, 1366, 1468, 1766]"
2897,[588]
2900,"[17689, 17690]"
2911,[12695]
2913,"[6383, 6382, 6377, 6384, 6379, 5063, 6378, 5060]"
2918,"[3428, 3423, 3421, 3840]"
2925,"[12689, 12016, 12014, 12687]"
2931,"[1015, 1009]"
2937,"[15808, 15806, 16487, 16488, 16490, 16914]"
2938,[15503]
2941,"[7619, 7018, 7048]"
2945,"[14035, 15380, 15382, 15384, 15379, 15383, 15385, 15387]"
2947,[10815]
2953,[3884]
2972,"[3354, 3357, 3358, 3367, 3371, 3369]"
2978,"[500, 502]"
2984,"[1292, 972, 968]"
2992,[11351]
2995,[759]
2996,"[12309, 12306, 12311]"
3005,[15495]
3010,[13497]
3013,[1989]
3028,[8749]
3029,[6644]
3034,[19]
3035,[469]
3039,[3861]
3043,"[10423, 10424, 10425, 10419, 10420, 10418, 9765]"
3067,[77]
3074,[96]
3077,"[9863, 9862, 9887]"
3083,[1072]
3092,[167]
3100,"[3230, 3229, 3231]"
3106,"[11352, 11353]"
3122,[465]
3143,[515]
3164,[7331]
3169,"[12734, 13445]"
3170,"[6672, 6674]"
3171,[4206]
3184,"[6686, 6687]"
3203,"[11945, 11947, 11934]"
3209,"[15164, 13059, 15165, 15163]"
3213,"[13649, 13651, 13641, 13656, 13643, 13647, 13657, 14210, 14950]"
3221,[5965]
3227,[703]
3243,"[14767, 14769]"
3247,"[15957, 15445, 15955, 15960, 15956, 15964, 15961, 15959, 15963, 15965]"
3248,[5479]
3260,[9566]
3263,"[5376, 5381, 5382, 5383]"
3267,"[4744, 4743, 4752, 4761, 4758, 4763, 4764, 5506]"
3271,[10964]
3273,[175]
3294,"[4362, 4357, 5057, 5059, 4359, 5056, 4360, 4356, 4363, 4355, 5058, 4358, 4353, 4364, 3687]"
3295,[248]
3309,"[11002, 11005]"
3310,[166]
3316,"[14113, 14838, 14841, 14840]"
3323,[497]
3325,"[5126, 5121, 5131, 5120]"
3329,"[6619, 6618]"
3331,"[8447, 8439, 8444, 8451]"
3332,[2819]
3336,[789]
3340,[10853]
3359,[652]
3371,"[12905, 12906, 12902, 12909, 12911, 12904, 12899, 13039, 12907, 12901, 12898, 12897, 12900, 12896, 12903, 12409, 12894, 12407, 13042, 12410, 13045, 13041]"
3376,[1062]
3382,"[522, 494]"
3407,"[11151, 11492, 11495, 11488, 11490, 11483]"
3412,[3934]
3417,"[15805, 15804]"
3439,"[6605, 6604, 6606, 6602]"
3442,"[1342, 1336]"
3444,[6616]
3448,"[16231, 16913]"
3459,[2163]
3492,[5484]
3499,"[8539, 8538, 8536, 7781, 8525]"
3501,[5330]
3515,"[8281, 8607, 8865, 8864, 8298, 8280]"
3527,[161]
3529,"[604, 477, 3609, 1075, 812, 1050, 1049, 799, 1150, 3517, 1983, 977, 1757, 2982, 538, 3038, 4585, 1290, 1942, 1761, 476, 1897, 3943, 1758, 1764, 5320, 1754, 3940, 1756, 1759, 563, 1355, 1362, 4586, 3942, 1898, 1361, 1354, 4584, 2786, 3941, 3444, 5322, 3944, 3516, 2788, 3854, 2981, 7291, 3077, 3939, 2785, 1356, 3855, 7655, 3853, 3852, 4880, 1051]"
3530,"[2361, 2214, 2360, 2213]"
3549,[8747]
3552,"[14637, 14625, 14632, 14636]"
3575,[508]
3579,"[11334, 11331, 11333, 10668, 10645, 11332, 11606, 11605]"
3586,"[6360, 6338, 6340]"
3593,"[12872, 12870, 12876]"
3594,[13058]
3596,[1074]
3626,[700]
3634,[11499]
3637,"[11931, 11926, 11927, 11930, 11932, 11935, 12567, 13252, 11937, 12569, 13254, 12570]"
3644,"[2197, 2198]"
3659,[151]
3667,"[9153, 9154, 8531]"
3678,[100]
3695,"[795, 800]"
3699,"[1636, 1637, 1618]"
3707,"[120, 116]"
3708,"[7994, 8022, 8019, 8020]"
3725,"[8373, 8370, 8377, 8364, 8376, 8379, 8378, 8913, 9680, 7635, 8916, 8419, 9677, 8919, 8413, 9676, 8424, 8423, 8412, 8415, 7632, 9675, 8414, 9686, 9685]"
3726,"[9159, 9309, 9329]"
3729,"[4582, 4583, 4872, 4874, 4877]"
3732,[505]
3742,"[18083, 18901]"
3743,"[2200, 2199]"
3745,"[4148, 4144, 3617]"
3758,"[6977, 6979, 6978, 6962, 6976]"
3765,[520]
3767,[4215]
3775,[761]
3793,"[15306, 15308, 15309]"
3794,[558]
3805,"[146, 113]"
3806,[4422]
3809,[15167]
3817,"[187, 188]"
3820,"[4429, 4427]"
3832,[1089]
3836,[433]
3848,[1016]
3854,[127]
3859,"[12293, 12333, 12290, 12294, 11517, 11516]"
3862,[5398]
3865,[4224]
3886,"[1345, 461, 1346]"
3899,[823]
3901,[12145]
3928,"[1867, 1870, 1871, 1872]"
3931,"[14923, 14922, 15260, 14561]"
3934,[2414]
3940,[8943]
3944,"[9298, 9278, 9299]"
3946,"[10659, 10180, 10177, 10179, 10188, 10687, 10690]"
3956,"[6635, 6152]"
3960,"[4620, 4619, 4632]"
3968,"[7871, 8279]"
3971,"[560, 561, 587]"
3984,[6270]
3986,[76]
3993,[121]
3996,"[9878, 9884, 9876, 9874, 9882, 9879, 8667, 8666, 8663]"
4000,[926]
4029,[15676]
4040,"[361, 313, 307, 312]"
4053,[2288]
4068,"[4746, 4634, 4635]"
4084,"[6387, 5042, 6375]"
4088,[194]
4100,"[18195, 18191]"
4102,[1991]
4104,[9822]
4114,[4308]
4119,[5966]
4124,[15505]
4149,"[14479, 14477]"
4150,"[5387, 5385, 5726, 5384, 5390]"
4172,[18739]
4174,"[15193, 15192, 15788, 15789, 15223, 15791, 15191, 15796, 15797, 15798, 15189, 15220, 15219, 15186, 15217, 15187]"
4180,"[445, 446, 444]"
4207,"[1813, 1816, 1814, 1817]"
4228,[1007]
4229,[1995]
4231,"[9952, 9951, 9855, 9335, 9953, 9954, 9955]"
4240,"[6833, 6832, 6216]"
4246,[5754]
4252,"[5758, 6946, 6948]"
4289,[14812]
4297,"[7778, 7779]"
4305,[15501]
4321,[2838]
4326,"[6617, 6638]"
4328,"[179, 178, 238]"
4331,"[12133, 12134, 12135, 11616, 12268, 11613, 12269, 11614, 12270, 12266, 12273]"
4338,"[653, 359, 357, 353, 354, 356, 355]"
4371,"[2174, 2582]"
4375,"[9821, 9819, 10269, 10271, 9818, 10272]"
4381,[15596]
4382,"[12122, 12120, 12076, 12119, 12075]"
4386,[5412]
4391,"[11156, 11134, 11135, 11155, 11137, 11128, 10486, 11158]"
4400,"[7623, 6934, 7627, 6933, 7629, 7628, 6929, 6967, 7624, 6931, 7630, 6928, 6968, 6932]"
4411,[2412]
4418,"[15233, 15232, 15234, 14842, 15236]"
4419,"[337, 334]"
4430,"[5041, 5030, 5027]"
4443,"[511, 512]"
4469,[17614]
4474,"[13877, 13876, 13878, 14067, 13085]"
4479,"[2579, 2577, 2578, 2586]"
4495,[98]
4498,"[6000, 6002, 6003, 6731]"
4516,[107]
4523,"[7826, 7827]"
4559,"[17478, 17479, 17477, 17483, 17472, 17473, 17471, 17470, 17467, 18010, 17480, 17461, 17466, 17462, 17468, 17464, 17463, 17474, 16944, 17469, 17465, 16945]"
4564,"[254, 253, 364]"
4565,"[11136, 11138]"
4570,[1073]
4572,"[2814, 2815, 2812, 2810, 2406]"
4589,"[46, 53, 42]"
4596,"[1779, 1776, 1777]"
4618,"[326, 328, 383, 327, 399]"
4620,"[12709, 12706, 12710, 12712, 12705, 12055, 12060, 12056, 12058, 12707]"
4625,"[4153, 5414, 5416, 5417, 5575, 5418]"
4627,"[7264, 7263]"
4633,"[1067, 1065]"
4634,"[6648, 6650, 7237]"
4638,"[2021, 2466, 2469, 2013, 2468]"
4640,"[14592, 14095, 14560]"
4645,[79]
4646,"[9331, 9179, 9177, 9328, 9176, 9359, 9326, 9175, 9178, 8587, 8588, 8585, 9355, 9174, 8586, 8583, 9358, 9356, 8115, 8116, 8113]"
4655,[7415]
4659,"[12169, 12174, 12171, 12168, 13186, 11618, 11617, 12165]"
4661,[962]
4662,"[16026, 16024, 16021, 16017, 16023, 14434, 14433, 14223, 16018, 14222, 14217]"
4669,"[10859, 10857, 10883]"
4672,[11354]
4679,"[7590, 7586]"
4690,"[15473, 14752]"
4691,"[10878, 10880, 10882, 10881]"
4692,[15171]
4696,[10100]
4703,"[2020, 2019]"
4709,"[11371, 11378, 11368, 11397]"
4713,"[13157, 13142, 13160, 13143, 13161, 13162, 13141]"
4723,"[15216, 15174, 14481, 15175, 14480]"
4726,"[15307, 15311, 15257, 15874, 15878, 15880, 15310, 15876]"
4728,"[11491, 11478]"
4736,[3615]
4744,"[16035, 15330]"
4745,"[10924, 10928, 10926, 10923, 11604]"
4754,[7252]
4758,[14772]
4766,"[11054, 11059]"
4770,"[338, 335, 339]"
4785,"[9537, 9536, 9488, 9497, 9491]"
4788,[37]
4802,[360]
4807,"[15588, 15581, 15447, 14748, 15446, 14749, 15598, 14702, 15585, 14746, 15589, 15580, 14697, 14700, 15592, 14699, 15590, 15594, 15584, 14701, 15586, 15582, 14703, 14704, 14698, 14695]"
4817,"[754, 372]"
4818,[10433]
4821,"[6086, 6087, 6085, 6049, 6051]"
4831,"[2181, 2180]"
4842,"[7112, 7726, 6459]"
4845,[15440]
4853,[435]
4878,"[4548, 4547]"
4879,"[6886, 8332, 6891, 8303, 8333, 6884, 8334, 6890, 6876, 6880, 8304, 6875, 6878, 6873, 8306, 8309, 8310, 6874, 6879, 8311, 8307, 8312, 6885, 8305, 6866, 6869, 8308, 6877, 7528, 6868, 7535, 7534, 7532]"
4880,"[9208, 10003, 9942]"
4883,"[3678, 3735, 3747, 4454, 4453, 4455, 4413, 3736, 3734, 4140, 4414]"
4887,[12107]
4890,"[4557, 4980, 4555]"
4893,[4544]
4894,"[540, 544, 390, 549, 387]"
4903,[10029]
4905,[18077]
4907,[10437]
4930,[13129]
4936,"[9539, 9542, 10862, 10831, 9495, 10830, 10834, 10835]"
4940,"[1986, 1987]"
4950,"[1763, 1768, 1762, 1765, 1760, 997]"
4958,"[14026, 14025]"
4962,"[7504, 6663, 7503, 7506]"
4964,[3518]
4970,"[11936, 12568]"
4973,"[11481, 11485, 11484, 11467, 11469, 11477, 11465, 11486, 11480, 11487, 11464, 11471, 11470, 11482, 11472, 11476, 11475, 11474, 11468, 11473, 11466]"
4981,"[18085, 17240, 18089, 17241, 17649, 17238, 17077, 17242, 17236, 17239, 17235, 17074]"
4993,"[4205, 4203, 4207]"
5009,"[482, 483]"
5010,[4493]
5011,"[12875, 12877]"
5017,[5378]
5018,[760]
5020,"[7007, 7012, 7005, 7010]"
5028,[12388]
5032,"[2594, 4193, 2591]"
5033,"[15807, 16489]"
5037,[7272]
5039,[3349]
5044,"[4226, 4221, 4237]"
5054,"[17130, 17131, 16455, 17132, 16448, 16456, 17129, 16457, 16436]"
5055,"[2840, 2837, 2835]"
5065,"[13227, 13242, 13230, 13244]"
5084,"[18179, 18176]"
5086,[365]
5087,[4988]
5095,"[10070, 10069, 10009, 9439, 10010, 10008, 10012, 10832, 10829, 9496, 10011, 10843, 10833, 10841]"
5096,"[9375, 8698, 8711, 8699, 9376, 8707, 8697, 8705]"
5099,[1981]
5124,[7248]
5130,"[4460, 4465]"
5141,[9627]
5147,"[732, 755, 753, 750, 751, 804, 756]"
5148,"[3680, 4984]"
5158,"[2422, 2969]"
5161,[373]
5162,"[6959, 6960, 6956, 6955]"
5164,[9183]
5186,"[15254, 15250, 15249, 15252, 15246, 15248, 15247, 15251, 14548, 15778, 14549, 15774, 14546, 14547]"
5204,"[15490, 15489]"
5209,"[2135, 2252]"
5212,"[10482, 10484, 10483, 10487, 10485, 10558]"
5231,"[11108, 11109, 11106, 11105, 11103, 11102, 11101]"
5237,"[702, 701, 699]"
5239,"[119, 153, 156]"
5240,"[13072, 13074, 13081, 13082]"
5249,"[9374, 8684]"
5257,[4415]
5259,"[9454, 9452, 9456, 8299, 8296]"
5263,[10431]
5264,"[4251, 4234, 4233, 4235]"
5272,"[601, 600, 599, 746]"
5287,"[3370, 3373]"
5290,[3515]
5291,[7783]
5299,"[15499, 15496, 15498, 15513]"
5310,"[4392, 4389, 5067, 4391, 5066]"
5314,"[1365, 1368]"
5319,[17]
5326,"[7951, 8654, 8655, 8662]"
5327,[5466]
5329,"[11142, 11620, 12301, 12300, 11621, 11139, 11107, 12305, 12304, 11623, 11625, 12307]"
5354,"[8171, 8148, 8143, 8147, 8144, 8138, 8149, 8142, 8139, 8150, 8146, 8151, 8140, 8145, 8141, 8106, 8105, 8102, 8110, 8107, 8103, 8099]"
5360,"[1472, 1471]"
5363,"[1351, 1350, 762]"
5366,"[13206, 13195]"
5368,"[16444, 18177, 18174, 18173]"
5369,[66]
5372,[14824]
5383,[437]
5384,[69]
5386,"[10916, 10917]"
5389,[443]
5390,"[1439, 1428, 1436, 1047, 1430, 1434, 1025, 1046, 1433, 1045]"
5392,"[5747, 5744, 4298, 4309]"
5402,"[18156, 19582, 18157]"
5404,[427]
5417,"[6792, 6793]"
5419,"[12737, 12738, 12736]"
5441,"[18160, 18159, 18161, 18167]"
5452,[3672]
5462,"[13965, 13966, 13969, 13968, 13303, 13304, 13971, 13972, 13336, 13337, 13284, 14559, 14540, 13286, 13287]"
5480,"[17652, 17538]"
5490,[11586]
5506,[6269]
5513,"[3935, 3936]"
5517,[818]
5518,"[7250, 7258, 7253, 7255]"
5525,"[5328, 5795, 6052, 5205, 5796, 6050, 6289]"
5527,[814]
5538,"[5408, 5407, 6615]"
5543,"[332, 514]"
5546,"[18305, 17139, 17140, 18306]"
5550,"[4191, 4192]"
5557,"[13121, 13119, 13148, 13118, 13117, 13116, 13115]"
5564,[985]
5566,[429]
5567,"[5313, 5312, 5314]"
5569,"[5413, 5794]"
5579,"[196, 199, 197, 88]"
5583,"[10075, 9408, 10073, 10081, 10074, 10557, 10077, 10078]"
5588,[1988]
5589,"[448, 449, 447]"
5596,"[4216, 4214]"
5616,"[2632, 2631, 2298, 2634, 2633, 2304, 2635, 2305, 2323, 2320, 2321, 3478, 2322, 3474]"
5629,"[7775, 8490, 7776, 8459]"
5651,[12743]
5655,[300]
5698,[10302]
5705,[1257]
5706,"[3356, 3352, 3355, 3361, 3350]"
5710,"[1374, 1375, 1377, 1369]"
5714,[10434]
5726,[4430]
5733,[669]
5737,"[4607, 4608, 4602, 4598, 4595, 4591, 4588]"
5745,[131]
5755,[1363]
5766,"[13398, 13326, 13325, 13401, 13327, 13399, 13334, 13400, 14133, 13332]"
5769,[5756]
5798,"[2293, 1477]"
5821,"[17143, 17144]"
5826,[1880]
5829,"[6636, 6639, 6640, 6637]"
5848,"[8350, 8351, 9567, 8352, 8349, 8347, 8346, 8345]"
5850,[15123]
5853,[9275]
5855,"[12864, 12866]"
5860,[230]
5861,"[4488, 4478]"
5863,"[137, 135, 245, 250]"
5870,[13487]
5897,"[4633, 4631, 4626]"
5910,"[7278, 7276]"
5911,"[12913, 12914, 12917, 12916, 12915, 12919, 12918, 13663, 13050, 13427, 13049, 13429, 13048, 13664, 13430, 13432, 14043, 13431, 14047]"
5929,"[14782, 13422, 13416, 13424, 13120]"
5931,"[2281, 2280, 2278]"
5939,[3431]
5950,"[10268, 10273]"
5958,"[13, 9]"
5967,"[14638, 14639, 15335, 14640, 14641, 15339, 14643]"
5990,[5759]
5996,[666]
6009,"[11568, 11567, 12100, 12098]"
6016,"[8752, 9280, 9284, 8750]"
6018,[15328]
6020,"[12136, 12158, 12162, 12138, 12137, 12139, 12163, 12159, 12160, 12140]"
6027,"[13414, 13417]"
6035,[19372]
6039,[12692]
6047,"[12191, 12192, 12193, 12189]"
6066,"[9333, 9334, 9332, 9337, 9336, 9338, 9330, 9852, 9357, 9327, 8582, 11462]"
6067,"[13949, 13948, 13947, 13945, 13970, 13271, 13289, 13288, 13285]"
6070,"[2057, 2056, 2053, 2055, 2058, 2467, 2054, 2465, 2012, 2014, 2010, 2015, 2009]"
6075,[3674]
6083,"[3343, 3380]"
6095,[2784]
6097,"[13504, 13503, 13505]"
6108,"[9634, 9932, 9934, 9936, 9937, 9933, 9935]"
6110,[883]
6112,[1985]
6115,"[4979, 4416]"
6120,[506]
6150,"[226, 172]"
6156,"[10945, 11594, 10946, 10944]"
6162,"[9144, 9760, 9141, 9761, 9067]"
6169,"[7109, 7126]"
6174,[229]
6182,"[10864, 10867, 10894, 10870, 10866, 10865, 10863]"
6185,"[10981, 11006, 10982, 11955, 11958]"
6186,[4747]
6194,"[15480, 15471, 15468, 15482, 15469, 14753, 14805]"
6197,[478]
6202,"[2900, 2899]"
6209,"[4098, 4100]"
6222,"[13199, 13203, 13243, 13204]"
6223,"[48, 80, 82, 104, 70, 105]"
6248,[141]
6250,"[12600, 12601]"
6258,"[14589, 13991, 13981, 14591, 13967, 14590, 13990, 13989, 13980, 13335]"
6264,"[3386, 3362]"
6277,"[5329, 4428, 5310]"
6282,[12503]
6287,"[17198, 17200, 17197, 17196, 17199, 17201]"
6290,"[7115, 7117]"
6291,"[15442, 15967, 15452, 16451, 15441]"
6296,[308]
6305,[9279]
6307,[3337]
6336,"[10139, 10136, 10141, 10140]"
6342,[12179]
6349,[7199]
6365,"[4107, 4104, 4106, 4102, 4105, 4103]"
6375,"[17138, 17137]"
6379,"[3535, 3824, 3534, 3491, 3533, 3490, 3489, 3821, 3494, 3808, 2962, 3807, 3822, 3492, 3809, 5238, 2967, 2964, 3826, 3827, 2960, 2963, 2961, 2966, 2959]"
6391,"[10427, 10422]"
6398,"[3507, 3510]"
6399,"[6025, 6026, 6017, 6021]"
6404,[4985]
6418,[4217]
6422,[516]
6425,[1349]
6431,"[16016, 16027, 14965, 14966, 14959, 14218, 14958, 14224, 14955, 14957, 16019, 14215, 16015, 14219, 16014, 14220, 14213, 14952, 14953, 14949]"
6436,"[1079, 1170, 1167]"
6441,[5941]
6445,"[11001, 11017, 11018]"
6447,"[9318, 9311, 9957, 9163, 9164, 9173, 9172, 9170, 9171, 8773, 8771, 8772, 8769, 8768]"
6467,"[6943, 5753, 5752, 5755, 6945, 5749]"
6477,[5970]
6482,"[43, 40]"
6484,"[523, 731]"
6486,[11407]
6494,"[18098, 18104, 18105, 18101, 18096, 18106, 18100, 18103, 18102]"
6499,"[64, 33]"
6512,"[267, 268, 266, 290, 289, 286, 265, 288, 195, 264, 193, 192]"
6516,[316]
6521,[56]
6522,"[4986, 4296]"
6523,"[11162, 11140, 11161, 12890, 11141, 11622, 11624, 12886, 12885, 12884, 11160, 12882, 12889, 12881, 12892, 12312, 12895, 12893, 12887]"
6524,[12583]
6530,"[3504, 3502]"
6532,"[11405, 11402, 9758, 11404, 11403, 10377, 11406, 9755, 9736, 9735, 9754, 9734, 9733, 9732]"
6551,"[1364, 1372]"
6554,[11600]
6559,[6290]
6565,"[5948, 5949]"
6570,"[475, 472, 468, 474, 1347, 1348]"
6572,[384]
6573,"[12878, 14649, 14648]"
6591,"[6237, 6235, 6238, 6233, 6214, 6234, 6239, 5600, 6240, 5513, 6211, 5514, 5584, 6241, 6870, 5515, 5580, 6867, 6871, 6872, 5508]"
6598,[5380]
6604,"[9868, 11029, 10137]"
6608,"[9054, 9057, 9066, 9062]"
6609,[9276]
6611,"[15532, 15534]"
6613,[12063]
6616,"[15832, 15834, 15831, 15833]"
6626,"[1030, 1032]"
6637,"[13191, 13192, 13188]"
6640,[1019]
6644,"[2083, 1693]"
6675,"[9182, 9181, 9180]"
6686,"[243, 239]"
6688,"[542, 541, 539, 394, 392, 388, 385]"
6701,"[5391, 5386, 5319, 5318]"
6703,[4218]
6706,"[5589, 5591, 5594, 5588, 5599, 5586, 5583, 5590, 6293, 5582, 5595, 6232, 6294, 5597, 5585, 6236, 5596, 6296, 5579, 5587, 5581, 5422, 5421, 5419]"
6708,"[12089, 12093]"
6716,"[5298, 5722, 5723, 5512]"
6718,[12330]
6723,"[7877, 7297, 7301, 7296]"
6726,"[1444, 1446, 1447, 1341, 1448, 1449, 1344]"
6728,"[16953, 16955, 16956, 16957, 16959, 16962]"
6736,"[14771, 14428, 14429, 14430, 13509, 13660, 13655, 13653, 13654, 13659]"
6755,[4693]
6759,[7329]
6773,[11119]
6775,"[349, 347]"
6784,"[6603, 6629]"
6792,"[391, 547, 389, 548, 386, 551]"
6794,"[9377, 9871]"
6820,"[2259, 2260, 2258, 2253, 2255, 2250]"
6831,[7832]
6834,[813]
6838,"[5742, 5740, 5739, 5741, 6380, 5738, 6449, 6419, 6376]"
6839,"[7288, 7287]"
6855,"[3590, 4101, 3591, 4099]"
6870,"[9893, 10996, 9892]"
6873,"[9987, 9984, 9992]"
6894,"[1890, 1891, 1875, 1873]"
6898,[597]
6900,[41]
6905,[35]
6907,"[3487, 3484, 3480, 3488, 3476, 3475, 3479, 3473, 3481, 3477, 3483, 3482]"
6908,"[1031, 1034, 1033, 1035, 1043, 1042, 1041, 1044]"
6912,"[1058, 593, 594, 591]"
6914,"[368, 422, 421]"
6927,"[1264, 1263, 1262]"
6929,[4549]
6933,"[142, 145, 143]"
6934,"[9409, 9407, 9406, 9405, 9404, 9403, 9402, 9401]"
6935,[1857]
6956,"[17146, 17145, 17149, 17147]"
6957,"[103, 101, 71]"
6979,[305]
6982,"[498, 496]"
6985,"[9945, 9947, 10006, 10005, 10004]"
7000,[51]
7007,"[12029, 11081, 11079, 12032, 12030, 11083, 11078, 11080, 12037, 11076, 11022, 11021, 12308, 12310, 12041, 12313, 12050, 12053, 12054]"
7009,[9564]
7012,[78]
7016,"[319, 318]"
7017,[434]
7019,[12105]
7023,"[3237, 3239]"
7042,"[1935, 1936, 1934]"
7046,[2413]
7053,"[92, 93, 94, 90, 95, 91, 89, 207, 206, 204, 205, 209, 208, 87]"
7054,"[12728, 12702]"
7075,"[1048, 839]"
7085,"[228, 227]"
7088,"[7246, 5969]"
7090,"[4212, 4220]"
7102,[12113]
7111,[7620]
7124,[13493]
7137,"[9770, 9769]"
7139,"[11454, 11583]"
7151,"[4213, 3208]"
7160,[138]
7169,"[4149, 4151]"
7179,[5122]
7206,"[9240, 9237, 9239, 9242, 8709, 9236, 9241]"
7223,[257]
7226,"[12004, 12602, 12599, 12005, 12027]"
7233,[12690]
7234,"[2183, 2185, 2184, 2580, 2171, 2074]"
7239,"[9684, 9038, 9030, 9034, 9692, 9029, 9689, 9691, 9699, 9682, 9036, 9704, 9701, 9705, 9706, 9708]"
7241,[18184]
7243,"[13340, 13339, 12077, 13342, 13341, 13343, 13344, 13346, 13345, 13310, 13309, 14731]"
7244,"[5935, 5932, 5934, 5929, 5939, 6656, 6657, 6658]"
7245,"[11494, 11114]"
7246,"[1056, 1055, 1057, 550]"
7252,[12152]
7253,[3378]
7263,"[659, 655, 658]"
7273,"[8489, 8493, 8491]"
7300,"[14715, 14718, 14713, 14714, 14716, 14683, 14712, 14711, 14685, 14719, 15431, 14710, 14709]"
7301,"[13652, 13645, 13661, 13644, 13658, 13639, 14432, 13634, 14431, 13648]"
7308,[3074]
7316,"[84, 182]"
7339,"[8615, 8617]"
7341,"[164, 501]"
7350,"[7699, 7717, 7716]"
7358,"[12106, 11569]"
7363,"[657, 654, 656]"
7371,"[1691, 1685, 1684, 1683, 1680, 1682, 1687, 1686, 1689, 1692]"
7397,[6662]
7405,[9771]
7408,[802]
7412,"[13946, 13924, 13927, 13223, 13929, 13222, 14506, 13218, 13220, 13216, 13265]"
7416,"[13950, 13954, 13951, 13953, 13952]"
7442,[301]
7454,[14787]
7459,"[13250, 14102, 13247, 14101, 13248, 13246, 13207]"
7476,"[3232, 2286]"
7477,[102]
7496,"[7411, 7410, 7996, 7998, 7999]"
7517,"[11133, 11132, 11131]"
7525,"[11377, 11925]"
7537,"[15792, 15795, 15793, 15225, 15800, 15222, 15224, 15799, 15802, 15221, 15801, 15773]"
7538,[428]
7550,"[12038, 12035, 12036, 12039, 12040, 12034, 12046, 12043, 12049, 12059, 12031, 12044, 12051, 12011, 12048, 12045, 12047, 12012, 12052, 12042]"
7560,"[1784, 1778, 1783, 2158, 1798, 1812, 2404]"
7561,"[17206, 17205, 17203, 17204, 17207]"
7562,[15172]
7576,"[4741, 4742]"
7604,[499]
7606,[15506]
7608,"[10378, 10376]"
7616,"[16459, 16437, 16439, 17692, 17134]"
7627,[9273]
7629,"[5936, 5931]"
7632,"[13944, 13270, 13269, 13268, 13267]"
7666,"[247, 251]"
7669,[2022]
7672,[1445]
7681,"[2616, 2619, 2613, 2615, 2618, 3340, 2614]"
7687,[336]
7688,[2512]
7689,[11933]
7695,"[7257, 7254, 7251, 7256]"
7698,[14435]
7702,"[81, 114, 108, 112]"
7709,"[4556, 4558]"
7728,"[18080, 18072, 18070, 18064, 18066, 18062, 17541]"
7729,"[16387, 16384, 16043]"
7737,"[6649, 6647, 6646, 7236, 7228, 7229, 8093, 8097]"
7749,"[1023, 1024, 1866, 1021, 1026]"
7759,"[18143, 18500, 18142, 18309]"
7761,"[2254, 1996, 2251]"
7769,[314]
7796,"[7945, 7943, 7936, 8653, 7937, 8657, 7949, 7944, 7946, 7950]"
7803,[1595]
7822,"[14039, 14038]"
7828,"[15971, 16435, 15969, 15968, 15970, 15962, 16433, 16434, 16452]"
7843,[6016]
7845,[1767]
7848,"[629, 630, 628]"
7853,"[6386, 4990, 5751, 4989]"
7854,"[5076, 5377, 5077, 5078, 5315]"
7858,"[13421, 12765, 13408, 13415, 13418, 13419, 13411, 13410, 13420, 13390, 13388, 13392, 13394, 13396, 13395, 14393, 14391, 13425, 13393, 14392, 14394, 14395, 14396, 14390]"
7875,"[5487, 5486, 5477]"
7886,[517]
7891,"[1919, 1924, 1925, 1928]"
7903,[788]
7905,"[5954, 5956, 5952]"
7909,[6655]
7914,"[582, 583]"
7927,"[11928, 11923, 11929, 13257]"
7928,[2292]
7933,"[14633, 14635, 14630, 14634, 14631, 15332]"
7937,"[6767, 6765, 7962, 7964, 7344]"
7940,"[10426, 10429]"
7955,[258]
7961,[6963]
7968,"[6314, 6312, 6310, 6953, 4926, 6950, 6313, 4924, 5423, 6949, 6303]"
7995,"[8647, 9858, 8665, 8664, 8646, 8645, 8660, 8656, 8659, 7948, 7947]"
8002,"[15, 12, 38, 14, 10, 8, 2, 4, 1]"
8003,[9817]
8006,[396]
8010,"[5297, 5720]"
8021,"[2476, 2473, 3611, 2474, 2479, 2470, 3612, 2478]"
8025,"[6937, 5748, 4283, 6938, 4282]"
8030,"[1892, 1894, 1895, 1878, 1887, 1896, 2237, 2239]"
8033,[13872]
8040,[2177]
8046,"[7899, 7900, 6701, 6700]"
8051,[11597]
8052,"[8437, 8438, 8440, 8436, 8443]"
8072,"[60, 18, 61, 6]"
8075,[3235]
8077,"[13457, 13453]"
8080,"[8302, 8293, 8288, 8287]"
8100,"[1443, 1440]"
8104,[14593]
8108,"[6698, 6699, 6696, 6702]"
8123,"[7294, 7293]"
8124,"[14773, 15526]"
8160,[2173]
8166,[291]
8176,[15784]
8179,[7286]
8189,[65]
8192,[17193]
8194,"[12718, 13500, 13501]"
8203,"[11336, 11339, 10657, 10656, 11335, 10655, 10653, 11337, 10658, 10962, 10961]"
8204,"[4227, 4223]"
8213,[3864]
8216,"[6045, 6042, 7412, 6043]"
8218,"[6498, 6497]"
8230,"[1390, 1389, 1722, 1387]"
8238,"[13071, 13070, 12504]"
8240,"[17650, 17654, 17542, 17543, 17651, 17243, 17537]"
8245,"[5592, 6302, 6295, 5593, 5598, 5425, 5424, 6298, 6297, 6300, 6299, 6301]"
8246,[6309]
8254,"[10918, 10915, 10921, 10920, 10919, 10625]"
8258,[54]
8266,"[7300, 7302, 7304, 7298, 7299, 7305, 7303, 7880, 7882, 7883, 7879, 7658, 7654, 6936, 7885, 7661, 7887, 7669]"
8273,"[9939, 11011, 11015, 11013, 11063, 11014, 11058, 11069, 11066, 11068]"
8277,"[15494, 15502]"
8302,"[26, 27, 25]"
8313,"[12319, 12315, 12322, 12316, 12314, 12720, 12719, 12318, 12721, 12703, 11626, 12317, 12320, 12711, 12704, 12321, 12708, 12057]"
8316,[6766]
8317,"[10102, 10111, 10101]"
8338,"[14839, 15235]"
8345,"[13437, 13438, 13436]"
8347,"[4228, 4222, 4276, 4230, 3676, 4278]"
8349,[3975]
8357,"[6115, 6574]"
8360,[15560]
8362,[395]
8374,[1920]
8377,"[6341, 6335, 6336]"
8379,"[7875, 7876, 7873, 7874, 7872]"
8381,[11956]
8387,"[10860, 10884, 10886]"
8397,[1378]
8406,[4987]
8419,"[14830, 14469, 14775, 14470, 14774, 14825, 14467, 14468, 14791, 14790, 14466, 14827, 14465, 14471, 14464, 14826, 14462, 14828, 14463, 14472, 15188, 15190, 15185]"
8438,"[15785, 15549]"
8445,[12842]
8468,"[5037, 5039]"
8483,"[18866, 18867, 18869]"
8487,[10978]
8492,[2510]
8494,[455]
8501,"[8694, 8695, 8693, 8692, 8005]"
8504,"[8006, 8002, 8000, 8001]"
8508,"[5033, 5031, 5032, 5034, 5036, 5035, 5028, 5029, 5038, 4361]"
8516,"[17570, 17571, 17576, 17577, 17575, 17566, 17578, 17572, 17115, 17567, 17582, 17583, 17594, 18439, 17581, 17587, 18128, 17584, 17589, 17120, 17591, 17588, 17592, 17585]"
8521,[1069]
8534,"[52, 109]"
8535,"[442, 438]"
8539,"[8521, 7105, 8517, 7107, 8524, 7106, 8516, 7108]"
8540,"[6951, 5760, 6337, 6954]"
8548,"[15547, 15253]"
8549,"[6433, 6437]"
8554,"[7332, 7903, 7904, 7334, 7905, 7336, 7933, 7938, 7940]"
8594,[495]
8616,"[5133, 5135, 5128, 5130, 5134]"
8626,"[1734, 1268]"
8629,"[5960, 5946, 5944, 4888]"
8642,"[6393, 6394, 6396]"
8657,"[18499, 17696, 18452, 17697]"
8661,"[1399, 1400, 1396, 1438, 1435, 1437]"
8685,"[10298, 10818]"
8695,"[12337, 12336]"
8697,"[233, 236, 234, 237, 191, 190]"
8701,[7249]
8716,[351]
8718,"[10797, 11084, 10142, 10796, 11085, 10798, 11041, 10799, 11040]"
8737,[3360]
8760,[14594]
8761,"[9281, 9285, 9282]"
8776,"[15562, 15567, 15565, 15564, 15561]"
8779,"[14766, 14765, 14754, 14755, 14764, 14084, 14762, 14761, 14085, 14081, 14083, 14756]"
8780,"[1288, 1289]"
8782,[509]
8792,"[8610, 8863, 8608, 8611, 8609, 8606]"
8811,"[3411, 3409, 3416]"
8819,"[7508, 7507, 7505, 7509]"
8821,"[757, 959]"
8823,"[12731, 14022]"
8826,[5040]
8830,"[581, 559, 585]"
8831,[10929]
8834,"[4927, 4919, 4921, 5420, 4915]"
8836,[4570]
8863,"[11512, 11511, 11515]"
8867,"[3262, 2950, 2949, 3263, 2947, 2948]"
8873,[5480]
8875,[3236]
8888,[9632]
8901,[15461]
8909,[397]
8918,"[8700, 8701, 8696, 8704, 8702, 8004, 8703, 8003]"
8919,"[10925, 10460, 10459, 10927, 10457, 10642, 10644, 10643, 10637, 10641]"
8927,[13488]
8934,"[11506, 11508, 11493, 11510, 11513]"
8971,[7292]
8978,"[9554, 9553, 7890, 7894, 7889]"
8983,"[6084, 6048]"
8996,"[1357, 1360, 1359]"
9004,[12572]
9011,[9460]
9035,"[14106, 14098, 14097]"
9043,"[11408, 11409, 11410, 10381, 10380]"
9047,"[4689, 4690, 4691, 4692, 4977, 4417]"
9089,[5940]
9090,"[10826, 10805, 10823, 10822, 10806, 10804, 11527, 10808, 11528, 11529, 11530, 10809, 11531]"
9092,"[2165, 2168]"
9104,"[13662, 14212, 14214, 14211, 14209, 14216, 14221]"
9111,"[6031, 6029, 6040, 6030, 6028, 5601, 6036, 6022, 6034]"
9137,"[8589, 9426, 9388, 9389]"
9143,"[1012, 884]"
9146,[11548]
9149,"[17825, 17528, 17823, 17527, 17833, 17526, 17819, 17882, 17048, 17049, 17046, 17051]"
9152,[5750]
9153,[13874]
9174,"[15945, 15947, 15948, 15933, 15935, 15952, 15938, 15951, 15950, 16394, 16396, 16400]"
9175,"[12629, 12631, 13308, 12626, 12633, 12634, 13305, 12625, 12635, 13306, 13307, 13040, 13311, 13043, 13047, 13044, 14729, 13433, 13046, 14730, 14733, 13426, 13051, 13428]"
9192,"[10827, 10828, 11561, 11562, 11532]"
9197,[10913]
9231,[12018]
9267,"[12184, 12183]"
9298,[2617]
9301,"[4400, 4399, 4398, 4397]"
9302,[58]
9313,[17693]
9319,"[15359, 15361, 15370, 15363, 15364, 15350, 15369, 15357, 15360, 15368, 15367, 15112, 16313, 16315, 15394, 15354]"
9320,[454]
9349,[5307]
9357,"[6632, 7311]"
9364,"[2790, 3078]"
9370,"[9344, 10021]"
9372,"[17159, 17157, 17156, 15754]"
9385,"[16034, 16025, 16022, 16020]"
9390,"[6020, 6018, 5374, 6019, 5316]"
9392,"[15954, 15966, 15443, 15439, 15435, 15438]"
9401,[15533]
9426,"[9051, 8500, 9052, 9056, 9055, 8498, 9053, 9060, 8499, 9058, 8497, 9069, 9071, 9061, 8479, 8477, 8471, 9073, 9077, 9064, 9063, 9065, 9068, 9080, 8478, 8467, 9079, 9085, 9082, 8468, 9075, 8464, 9090, 9083, 9087]"
9435,"[12001, 12003]"
9448,[6381]
9457,"[4390, 4387, 4385]"
9464,"[16032, 16033, 15528, 16029]"
9483,[4590]
9491,[19375]
9498,"[133, 132]"
9506,"[12396, 12401]"
9512,"[3897, 3895, 3550]"
9519,"[11118, 11116, 11117, 11087, 11121, 11122, 11113]"
9552,"[12002, 11946, 11948, 11401]"
9571,[18180]
9614,"[6692, 6689, 6693, 6688, 6690]"
9624,[9631]
9628,[3733]
9630,"[12686, 12685, 12683, 12684, 12681, 12679, 12606, 12682, 13324, 12680, 12603, 13330, 12678, 12607, 13329]"
9633,"[10280, 10278, 10279, 10060, 11479, 10058, 11463]"
9648,"[6292, 7124, 6491]"
9698,"[14780, 15741, 15743, 15745]"
9708,"[9453, 8300, 8301, 8294, 8291]"
9718,"[12104, 12108, 12110, 12112, 12115, 12082]"
9731,"[129, 62]"
9750,"[17569, 17568, 17573, 17574, 17579]"
9754,"[7932, 7966]"
9756,"[748, 743]"
9758,"[19377, 18865, 18864, 18051, 18862, 17836, 18863, 18691, 18687]"
9775,"[4293, 4983, 4982, 4295, 4292, 4294, 4297, 4305, 4303, 4307]"
9777,[11153]
9779,"[11355, 11356]"
9790,"[13131, 13134]"
9797,[3618]
9811,"[14740, 14743, 14741, 14742, 14727, 14747, 14739, 14745, 14737, 14735, 14696, 14744, 14734, 14736, 14688, 14691, 14693, 14738, 14058, 14055, 14694, 14690, 14051, 14689, 14049, 14732, 14692, 14044, 14675, 14676, 13434, 14054, 14052, 14056, 14048, 14046, 14050, 14042, 13435, 14045]"
9813,"[7448, 7449, 7450, 7452, 7451, 8036, 8035]"
9832,[10276]
9838,"[15487, 15497]"
9849,"[12501, 12499]"
9856,[15173]
9859,"[12691, 12694, 12013]"
9873,[10807]
9874,[2408]
9884,"[2817, 2816]"
9891,"[2828, 2830, 2834, 2825, 2836, 2824, 3339, 2822, 2829]"
9897,"[16428, 16440, 16430, 16426, 16429]"
9904,"[424, 362]"
9913,"[9624, 9623, 9629]"
9915,[2611]
9936,"[7510, 7511, 7514, 7238, 7515]"
9937,"[15887, 15890, 15892, 15893, 17054, 17036]"
9942,[5068]
9944,"[1004, 1008, 1005, 1060, 1003]"
9947,"[2303, 2302]"
9950,[1402]
9953,[13375]
9972,"[4145, 4152]"
9974,"[10002, 9207, 9206, 9197, 9198]"
9978,"[4464, 5127, 5129]"
9979,"[11375, 11379, 11373, 11374, 12188, 11376]"
9980,"[11603, 12256, 12086, 12257, 12085, 12258, 12259, 12260, 12262, 12263, 12261, 12272, 12271, 12274]"
9983,"[898, 960, 963]"
9992,[111]
9998,"[6670, 6668]"
10026,[1423]
10046,"[1036, 1037, 1040, 1071, 1392, 1038]"
10063,"[1755, 778, 993, 777, 776, 995]"
10064,"[15819, 15818]"
10066,"[3537, 3698, 3697, 3703]"
10068,"[2509, 2514]"
10088,"[2162, 2164]"
10101,"[15329, 15325, 15323, 15326, 15320, 15315, 15321, 15313, 15318]"
10107,"[17116, 17113, 17114, 17112, 17110, 17109, 17108, 16413, 16407]"
10131,"[1422, 1420]"
10137,[11959]
10139,[936]
10148,"[7591, 7592]"
10156,"[2363, 2362, 2364, 2236]"
10175,"[10176, 10143]"
10195,"[11115, 10282, 10283, 9956, 10281]"
10198,[817]
10250,"[2247, 2246, 3387, 2249, 2243, 2245, 2242, 3388, 3392, 2248, 2244, 2241, 3391, 2240, 2263, 3389, 3390, 3395, 3394, 3393, 3396, 3432, 2983, 3397, 3398, 3399, 3400, 2984, 2985]"
10259,"[9853, 9854]"
10300,[12020]
10306,[9310]
10319,"[4554, 4553, 4981, 4552, 4551, 4550, 3828]"
10320,[5]
10324,"[11950, 11949]"
10337,"[17653, 17669]"
10340,"[1732, 1673]"
10344,"[15317, 15316, 15875]"
10346,"[1328, 1339, 1338, 1327, 1340, 1326, 1325]"
10353,"[3858, 3856, 3859, 3430]"
10362,"[8285, 8284, 7593, 7597, 8290, 8289, 7517, 7512, 7516, 8297, 8295]"
10364,"[899, 806, 807, 805, 801]"
10365,[6627]
10366,[346]
10370,"[12143, 12142]"
10377,[15474]
10386,[2297]
10387,"[663, 661]"
10389,"[17834, 17828, 17824, 17827, 17822, 18037, 17820, 17032, 17031, 16977]"
10390,"[14778, 14776, 14779, 14792, 15738]"
10400,"[15491, 15492]"
10408,"[17092, 17096, 17111, 17094, 17091, 17088, 17089, 17090, 17095, 16412, 17086, 17093, 17085, 17097, 16404, 17087, 16411, 17073, 16406, 16403, 16405]"
10414,"[595, 302]"
10418,[3520]
10424,"[9815, 9814, 9018, 9017]"
10436,"[11, 7, 3]"
10438,"[269, 463, 464, 470]"
10445,"[15429, 15675]"
10447,"[2082, 2079, 2081, 2080, 2075, 2073, 2076, 2072]"
10453,[83]
10462,"[18868, 17885, 18074, 18683, 18073, 18071]"
10470,"[15974, 15980]"
10479,"[13384, 13383, 13386, 13389, 13387, 13385, 13391, 13397]"
10482,"[5461, 5460, 5462, 5464, 5465]"
10496,"[1456, 1453, 1454, 1475, 1379, 1380]"
10504,[9813]
10509,"[2970, 2971, 3417, 2973, 3422, 3841]"
10516,"[47, 31, 30, 29]"
10519,"[15434, 15437]"
10530,[660]
10540,"[14655, 14041, 14669, 14682, 14656, 14653, 14673, 14657, 14651, 14671]"
10541,[4976]
10546,"[14652, 14650, 15378, 15377, 14664, 15398]"
10551,"[1601, 1401, 1603, 1600]"
10560,"[1848, 1847, 1343, 1843, 1840, 1841, 1834]"
10562,"[457, 324]"
10568,"[6942, 6941, 6944, 6947, 6308, 4923]"
10602,"[8678, 8682, 8681]"
10607,"[14478, 14474, 14475, 14476]"
10608,"[2583, 2581, 2585, 2587]"
10609,"[306, 598, 369]"
10619,[5950]
10629,"[17158, 17161]"
10651,"[6622, 6623, 6625, 6621]"
10655,[10967]
10662,"[12088, 12087, 12094, 12090, 12092]"
10673,[1635]
10701,"[1304, 1293, 1308, 1294]"
10704,"[479, 202]"
10707,"[7970, 7939, 7942, 7972, 7968, 7969]"
10713,[452]
10724,[13589]
10726,"[17186, 17187]"
10736,"[15976, 15975]"
10743,"[11012, 11016]"
10744,"[5469, 5468, 5467, 6607, 6582, 6601, 6575, 6600, 6576]"
10764,[5482]
10771,"[4466, 4468]"
10773,[9816]
10776,"[2194, 2195]"
10777,[63]
10796,[57]
10800,[9872]
10808,"[9434, 8205, 9432, 8202, 8873, 9433, 8224, 8871, 9435, 9436, 8220]"
10817,"[6435, 6432, 6434, 6436]"
10818,"[7330, 7333, 7346, 7327, 7342, 7345, 7343, 7335, 7347, 7341]"
10824,"[9373, 9370, 9371, 9369, 9367, 9372, 9343, 9368, 9366, 9364, 9365, 9362, 9361, 8798, 9363, 8797, 9360]"
10827,"[4209, 4211, 4202]"
10844,"[2186, 2078, 2077]"
10847,[11537]
10864,"[1879, 1876, 1877, 1874, 1882, 1881, 1885, 1495, 1497, 2238]"
10868,"[664, 662, 707]"
10894,"[13249, 14103, 13239, 13934, 14105, 14104]"
10898,[503]
10909,[6440]
10937,[18453]
10946,"[4486, 4484]"
11009,[200]
11012,"[9486, 8877, 8878, 9487, 9490, 9493, 8880, 9492, 9438, 9494, 9498, 9437]"
11013,"[931, 928, 929]"
11022,"[7881, 7306, 7884, 7886, 7888]"
11030,"[14971, 14969, 15559, 15595, 14967, 15599, 15597, 15587, 15583, 15591, 14678, 14679]"
11037,"[1868, 1869]"
11039,[5303]
11059,"[16389, 16427]"
11061,"[10647, 9949, 9946, 9944, 10651, 10631, 9943, 10626, 10627]"
11065,"[15372, 15897, 15896, 15895]"
11068,[331]
11079,"[10856, 10855, 10851, 10850, 10848, 10852, 10844, 10847, 10849, 10842, 10839]"
11080,"[12302, 11082, 12303, 11077, 11104, 11075, 11074, 11100, 11073]"
11118,[3205]
11119,[3849]
11120,"[406, 405, 543, 393, 407, 404, 402, 403, 401, 400]"
11127,[5602]
11132,"[9562, 9620, 9560]"
11134,"[128, 130]"
11146,"[14974, 14973, 15558]"
11151,[12627]
11158,[1820]
11187,"[11450, 11435, 11436, 11448, 11027, 11447, 11028, 11092, 11026, 11089, 11025]"
11188,"[1091, 1393, 1070, 1391]"
11190,"[7140, 7138, 7203]"
11194,"[2160, 2161]"
11197,"[9558, 9621, 9625]"
11224,"[3493, 3806, 3495, 3498, 3789, 3496]"
11242,"[6315, 6920]"
11263,"[975, 969]"
11267,"[14091, 14789, 14089, 14785, 14788, 14092, 14088]"
11268,"[13406, 12763, 13405, 12264]"
11278,[17691]
11291,[6730]
11292,"[8201, 8204, 8203, 9392, 9391, 8206, 8198, 9393, 8195, 8196, 9394, 8193, 9396, 9395, 8192, 9399, 9397, 9400]"
11298,"[6834, 7313, 6836, 7488, 7312, 6882, 6881, 7536, 6887, 7530, 7529, 6883, 7531, 7533]"
11299,"[4424, 5308]"
11305,"[14717, 14720, 14768, 14770]"
11312,"[3435, 3445, 3439, 3436, 3446, 3443, 3441, 3447, 3437, 3438, 3434, 3442, 2787, 3404, 3440, 3433, 3403, 3851, 3401, 3850, 3405, 3407, 3406, 4560, 4563]"
11314,"[15740, 15739, 15744, 15746, 15747, 15751, 15750]"
11322,[2178]
11333,[4143]
11338,[4425]
11357,"[5337, 5338, 5336]"
11359,[3245]
11361,[7589]
11368,"[15902, 17056]"
11379,[11496]
11391,[6388]
11396,[5761]
11412,"[10635, 10888, 9617, 9619]"
11415,"[6918, 6926, 6922]"
11418,"[10300, 10297, 10296]"
11421,"[1006, 1000]"
11424,"[13496, 13498, 13499, 15525]"
11434,"[2958, 3874]"
11461,"[11023, 11020, 11019]"
11482,[17687]
11496,"[2831, 3341, 2826]"
11514,"[487, 333, 490, 486, 492, 488]"
11519,"[15500, 16049, 16045, 16048, 16051, 16046, 15519, 16050, 16052, 16047]"
11524,"[5672, 5731, 6679, 5730, 6685, 5727, 5728]"
11536,"[6630, 6628, 6631]"
11549,"[1679, 1054, 1017, 1261, 1681, 1260]"
11553,"[8955, 8686]"
11556,"[1256, 1259]"
11558,[10299]
11559,"[3843, 3848]"
11562,"[18046, 18047, 18048, 18017, 18013, 18049, 18050, 19370]"
11564,[458]
11573,[198]
11578,"[493, 562, 603]"
11590,[8612]
11591,"[2841, 2839, 2842, 3359]"
11594,"[9579, 9540, 9538, 9535, 9577, 8890]"
11595,[518]
11609,[1474]
11616,[11554]
11635,"[13402, 12696, 13403, 13452]"
11666,[4239]
11672,"[244, 246]"
11675,"[12186, 13241, 12180, 13193, 13240, 12185]"
11685,[1301]
11689,"[7404, 6134, 7413, 6044]"
11708,"[15424, 15422, 15423, 14687, 15426, 14686, 14668, 15406, 15425, 15436, 15433, 15409, 15401, 14672, 15399, 15405]"
11712,[9866]
11716,"[6369, 6368]"
11718,[991]
11742,"[6441, 6439, 6442, 6444, 6438]"
11748,"[3746, 4543, 3677, 3271, 4539, 4540, 4541, 4542, 4545, 3248, 3774, 3779, 3292, 3781, 3775, 3777, 3773]"
11761,[5026]
11762,[3238]
11768,"[4388, 4386]"
11771,[513]
11774,"[256, 159]"
11783,"[366, 371, 367, 370]"
11788,"[3862, 3863, 4871]"
11795,[12910]
11800,"[12069, 12070, 12739]"
11812,"[8529, 8528, 8492, 8526, 8523, 8520, 7995, 8522, 8519, 7340, 8527, 8537, 7774, 8518, 7339, 8530]"
11843,"[6695, 6732]"
11853,"[3366, 3374, 3385, 3363]"
11871,[17037]
11875,[7310]
11886,"[1312, 1329]"
11899,"[18139, 18141]"
11905,"[1736, 1676]"
11913,[709]
11926,"[2018, 2016, 2017, 1602, 2011]"
11931,"[13871, 13870, 13873]"
11954,"[1992, 1990, 1993, 1994]"
11960,[12837]
11976,"[10877, 10875, 10879, 10874, 10846, 10871, 10873, 10845, 10838, 10837, 10836, 10840]"
11996,"[3268, 3265]"
12003,"[9766, 9764, 9763, 9757, 9756]"
12010,[7328]
12011,"[6667, 6392, 6421, 7011, 6398, 7016, 7014, 7017, 7009]"
12016,"[13190, 13189, 13187, 13185]"
12033,"[651, 358]"
12034,[5302]
12039,"[4479, 3899, 3896, 3894, 3893]"
12054,"[13510, 13507, 13508]"
12056,[12714]
12063,[201]
12067,[2409]
12068,"[15737, 15749, 15742, 14829]"
12076,"[17101, 17099]"
12090,[6272]
12095,[1733]
12105,"[3557, 3449, 3384, 3556, 3377]"
12114,"[13153, 13154, 13152, 13155, 12164, 13213, 13156, 13212, 13211, 13158, 12161, 13159, 13217, 13219]"
12126,"[3450, 3451, 2472, 2480, 2471]"
12139,"[14784, 14786, 14783]"
12149,"[15256, 15255]"
12176,[998]
12185,"[15343, 15345, 15344, 15349, 15340, 15341, 15351, 15342, 15347]"
12203,"[12586, 12585, 12587, 12588]"
12208,"[1277, 1426, 996]"
12210,"[15786, 16071, 16229]"
12215,"[1785, 1782, 2166, 2170, 2167]"
12220,"[7266, 7261]"
12226,"[2291, 3512, 1937, 1933]"
12228,"[3937, 4749, 3938, 4756]"
12238,[7265]
12242,"[1672, 1267, 1266, 1688, 1674, 1265, 1690, 1678]"
12248,"[15904, 17057, 17053, 17055]"
12264,[12084]
12267,[13506]
12277,"[423, 425, 420]"
12278,[10421]
12281,[1269]
12288,[232]
12298,[6626]
12303,[17135]
12309,"[12700, 12698, 12699]"
12322,[4150]
12348,"[3368, 3536, 3681, 3682, 3684]"
12371,"[2827, 2832]"
12373,[45]
12389,"[6982, 6980, 6981, 6984, 7006, 6985, 7670, 7671, 6983, 7004, 6964, 6966, 7626, 6965, 7625, 7631, 7674]"
12392,"[15899, 15894, 15903, 15371]"
12397,"[927, 815, 797, 796]"
12399,[519]
12426,"[8374, 8366, 8369, 8367, 8371, 8380, 8365, 8375, 7636, 8912, 8917, 7634, 8344, 8368, 7633, 8921, 8341]"
12428,"[983, 1358, 1353, 986, 987, 988]"
12430,[1020]
12431,[11086]
12451,[15430]
12453,"[343, 345, 259, 352, 350]"
12474,[7110]
12475,"[11130, 11129, 11127, 11099]"
12485,"[10824, 10819, 11825, 11452, 11455, 11827, 10817, 10825, 11457, 10295, 11456, 11295, 11298, 11828, 11296, 11299, 10821, 11301, 10304, 12498, 11823, 11453]"
12493,[5483]
12495,"[168, 169]"
12506,"[9865, 9288]"
12516,[36]
12524,[14642]
12559,[5389]
12582,"[1861, 2216, 2211, 1860, 2212, 3470, 3471, 2215, 3472]"
12588,"[1670, 1669, 1388, 1384, 1386]"
12599,"[1633, 1632]"
12613,"[2230, 2228, 2231, 2229, 2359, 2233, 2234, 2232, 2235, 2979]"
12616,[1090]
12636,"[2261, 2416, 2418, 2417, 2419, 2257, 3408]"
12645,"[11924, 12190]"
12647,"[18140, 18307]"
12648,[15486]
12652,[596]
12656,"[7277, 7279, 7275, 7273, 5621]"
12657,"[708, 706, 710]"
12673,"[13281, 13302, 13282, 12575, 13279, 12574, 12571, 12573, 13280, 13283, 13266]"
12677,"[2176, 2182, 2576]"
12696,[1011]
12714,[1780]
12726,"[15169, 14823]"
12733,[6506]
12758,[7122]
12767,"[12334, 12331]"
12785,"[17020, 17022, 15885, 15883, 15881, 15882]"
12787,[5478]
12816,"[12612, 12610, 12615, 12609, 12616, 12608, 12614, 12617, 12613, 12403, 12611, 12618, 12406, 12402]"
12820,[34]
12832,"[262, 260, 261, 222, 263]"
12835,[13869]
12840,"[3614, 4204]"
12842,[4419]
12844,"[1802, 1296, 1801, 1800]"
12849,"[16030, 16028, 16031]"
12851,[13486]
12855,"[11349, 11434, 11046, 11045, 11043]"
12879,"[5064, 4393]"
12890,"[7941, 7934]"
12897,"[9555, 7891, 7892]"
12908,"[6088, 6091, 6094, 6090, 6093, 6780, 6782]"
12912,"[8618, 8619]"
12924,[5379]
12943,"[1255, 1010]"
12950,"[8887, 8889, 8876, 8888, 8884, 9534, 8885, 8879, 9484, 9489, 8882, 8875, 8883, 9483, 8881, 9485, 8886, 8320]"
12952,"[15459, 15457]"
12961,"[7587, 7595, 7594]"
12967,[13868]
12972,"[8868, 8866]"
12975,"[2968, 2209]"
13005,"[11044, 11042]"
13015,"[11559, 12023]"
13027,[5260]
13034,"[15451, 15450]"
13037,[5333]
13039,"[1394, 1395, 1039]"
13040,[9150]
13045,"[10974, 11957, 10973]"
13049,"[1305, 1300, 1307, 1306]"
13054,[9626]
13056,"[15830, 15877, 15258]"
13058,"[106, 186]"
13092,"[9559, 9561, 9563]"
13107,[803]
13111,"[14107, 14111, 14110, 14108, 14109, 14112, 14831]"
13116,[73]
13120,[4412]
13133,"[4459, 4491, 4490]"
13136,"[17024, 17023, 17021, 17026, 17019, 17039, 17025, 17027, 17041, 17038, 17043, 17045, 16968, 17028, 17044, 17040, 16971]"
13139,[320]
13141,[5073]
13149,[2201]
13154,"[363, 255]"
13157,"[4154, 4418, 5415, 4754, 4755, 4750, 4753, 4757, 4751, 4760, 4762, 5576, 5578, 4759, 5577, 4765, 5504, 5505, 5507]"
13164,"[6940, 6939, 4917]"
13169,[11358]
13174,"[7019, 7015, 7672, 7013]"
13194,"[13492, 13494, 13495]"
13214,"[11507, 11152]"
13250,"[9581, 10892, 9580, 9541, 10861, 10889, 9543, 10891, 10890]"
13257,"[467, 466]"
13260,"[12151, 11357, 12153, 12154, 12155]"
13264,[5459]
13275,[816]
13279,"[2953, 3266, 3272, 3269, 3261, 3293, 3270, 3297, 3264, 3267, 3295]"
13295,"[9033, 9039, 9035, 9031, 9032, 9025, 9024, 9021, 9022, 9019, 9700, 9726, 9724, 9027, 9026, 9074, 9037, 9702, 9078, 9703, 9728, 9081, 9707, 9084, 9725, 9089, 9088, 9729, 9727, 9086]"
13299,[3519]
13308,[10458]
13314,"[7902, 7901]"
13337,"[16447, 16446]"
13346,"[1417, 1418]"
13356,"[9557, 9556]"
13369,"[12096, 12099, 12097, 12095, 10858, 10854]"
13371,"[6673, 7584, 7259, 6671, 6669, 7588]"
13385,"[11585, 11584]"
13389,"[1598, 1599, 1596, 1623]"
13393,[2300]
13397,[12131]
13405,[5410]
13424,"[3844, 3845]"
13431,[12298]
13433,"[749, 747, 744, 745]"
13464,"[1068, 1066]"
13473,[9875]
13479,"[1282, 1281, 1771]"
13480,"[11497, 11489, 11498]"
13486,[15493]
13488,"[5399, 5079, 5071]"
13509,"[586, 584]"
13513,"[13413, 13412, 13407, 13409, 13114]"
13526,"[3883, 3882]"
13546,"[15928, 15929, 17083, 15924, 15923, 15922, 15927, 15926, 17082, 15921, 15920, 15934, 15932, 15919, 15917, 17084, 16402, 15936, 15420, 16393, 15939, 15418, 15930, 15415, 16401, 15414, 15937, 16399, 16398, 15404, 15403]"
13547,"[8335, 8336, 8337, 8338, 8342, 8339, 8340, 8343, 8315, 8314]"
13548,[4200]
13562,"[15550, 15548, 16119]"
13565,[6783]
13576,"[15783, 15782, 15780, 15781, 15777, 15779, 15776]"
13584,"[7713, 6461, 6456, 7725, 6460, 6454, 6457, 6455, 6453]"
13588,"[1376, 1373, 1335, 990, 1367, 1337, 989]"
13600,[5797]
13601,"[6764, 6753, 6750, 6748, 6758, 6756, 6752, 6760, 6759, 6761]"
13605,"[17599, 17606, 17600, 17598, 17607, 17608, 17611, 17128, 17597, 17127, 17609, 17126, 17601, 17133, 17124, 17123, 17122, 17586, 17590]"
13616,"[1921, 1403, 1917, 1929]"
13625,[13454]
13643,[1076]
13650,[12873]
13664,"[10027, 10026, 10071, 10072, 10076, 10080]"
13666,"[4236, 4232, 4244]"
13668,"[2420, 2477, 3413, 3410, 2475, 3412]"
13688,"[7338, 7114, 7735, 7738, 7741, 7744, 7745]"
13690,"[17151, 17153, 17152, 17154]"
13692,"[485, 489, 484, 491]"
13693,"[5335, 5622, 5618]"
13707,[7284]
13719,"[12754, 12755, 13073, 12753, 12502, 13075]"
13721,"[8924, 8926, 8922, 8925, 8920, 8927, 8914, 8915, 8918, 8928, 9613, 8923, 8931, 8930, 9612]"
13728,[12074]
13748,"[5300, 5299, 5301]"
13751,"[1061, 1059, 1064, 1063]"
13766,"[6291, 7125]"
13781,[436]
13786,"[15884, 17035, 15879]"
13793,"[12109, 12091, 12111, 12117, 12114, 12116]"
