Site_ID,SedRed,Cost,NEAR_FID,Cluster_size,NEAR_DIST,area_m2,Sedrank,NEARrank,bcr
12146,4.868,10978.699,113,3,19.55793904,3255.191406,3.0,2.0,0.0004434040864040448
12581,11.338,6723.3809999999985,113,3,306.41869489999993,8979.136719,2.0,3.0,0.0016863539341292724
12582,19.768,9943.149,113,3,0.0,16441.10547,1.0,1.0,0.001988102561874513
15432,256.111,80733.59,168,1,0.0,235262.6875,1.0,1.0,0.0031722979245689432
17194,125.098,41998.275,384,1,0.0,114615.1094,1.0,1.0,0.002978646146776266
16464,5.048,5666.975,433,16,801.8526118,3475.065186,16.0,10.0,0.0008907750607687522
16057,5.742000000000001,11232.604,433,16,940.4545078,4099.6879880000015,15.0,12.0,0.0005111904594873994
16460,6.461,16427.306,433,16,805.0577252999999,4747.274902,14.0,11.0,0.00039330855588859187
16483,8.728,6302.719,433,16,0.0,6787.409668000001,13.0,1.0,0.0013847991636625398
16475,9.032,6355.2959999999985,433,16,163.0131695,7061.344238,12.0,4.0,0.0014211769207917305
16472,9.692,6469.401999999999,433,16,188.1465589,7655.858398,11.0,5.0,0.0014981291933937636
16471,13.533,7133.219,433,16,5.277040734,11114.46582,10.0,2.0,0.0018971799407812937
16482,16.503,7646.526,433,16,500.5206395,13788.8916,9.0,9.0,0.002158234994558313
16480,20.602,8355.199,433,16,277.503621,17481.21289,8.0,7.0,0.002465770115110364
16476,20.812,8391.591,433,16,0.0,17670.82031,7.0,1.0,0.002480101806677661
16060,24.609,9048.144,433,16,1022.989154,21091.58398,6.0,13.0,0.0027197843005151113
17209,28.405,9704.787,433,16,62.36237295,24512.81445,5.0,3.0,0.002926906072230127
16466,30.221,17861.835,433,16,265.9700598,26148.77148,4.0,6.0,0.0016919314280979532
16463,50.596,22671.075,433,16,1138.972573,44523.01172,3.0,14.0,0.002231742429505438
16465,53.788,24252.087000000003,433,16,329.6140767,47403.0,2.0,8.0,0.002217870981577791
16056,606.4209999999998,114346.462,433,16,1480.94835,543664.5,1.0,15.0,0.0053033647862231175
17212,18.738,8142.354,438,1,369.3914062,16372.24707,1.0,1.0,0.0023013000908582455
10621,34.624,5103.602,471,5,0.0,26590.7168,5.0,1.0,0.006784228080481198
9938,76.271,12958.165,471,5,772.5552753,67514.45313,4.0,4.0,0.005885941412229277
10623,90.639,20482.01,471,5,465.7037253,80664.15625,3.0,3.0,0.0044252981030670335
10624,105.727,23134.016,471,5,1134.877598,94481.60156,2.0,5.0,0.00457019654520858
10622,423.338,78458.24900000001,471,5,407.1943249,382731.1563,1.0,2.0,0.0053957105262443465
14450,7.1370000000000005,6019.053000000001,488,3,205.010643,5309.455566,3.0,1.0,0.0011857346994618588
14811,78.602,13157.069,488,3,362.5320713,68550.78125,2.0,2.0,0.00597412691230851
15454,95.963,44470.731,488,3,1009.367742,84201.4375,1.0,3.0,0.002157891220632285
18147,4.609,606.849,498,6,1130.064622,3161.794678,6.0,6.0,0.007594970083167311
18149,10.046,1565.428,498,6,31.09670423,8156.17041,5.0,2.0,0.006417414279034231
17610,10.23,6597.937,498,6,810.470566,8325.547852,4.0,5.0,0.0015504846439121805
18152,11.991,11909.294,498,6,0.0,9947.779297,3.0,1.0,0.0010068606921619368
17602,22.874,3833.253,498,6,797.7052982000001,19971.96289,2.0,4.0,0.005967255487701959
18516,33.843,15773.062,498,6,107.8685137,30078.72852,1.0,3.0,0.002145620171910819
15464,5.755,6225.4919999999975,504,3,139.9663879,4076.035889,3.0,2.0,0.0009244249289855328
16441,17.77,12669.136,504,3,85.57438829,14802.12988,2.0,1.0,0.0014026212995108742
15463,43.687,24669.409,504,3,220.4386311,37963.74609,1.0,3.0,0.0017708977138447054
18175,111.515,24652.063,507,3,135.58019040000002,102390.9063,3.0,3.0,0.004523556507218078
17190,218.518,48592.724,507,3,119.3421198,201075.2813,2.0,2.0,0.004496928387879634
18178,378.109,109752.923,507,3,0.0,350507.0,1.0,1.0,0.0034450927562084156
13938,7.822,11100.066,516,2,816.0574276000001,5731.549805,2.0,2.0,0.000704680494692554
13939,84.602,18675.633,516,2,439.12253610000016,71252.59375,1.0,1.0,0.004530074027477409
14483,5.114,5650.991,526,3,358.94419460000006,3391.78418,3.0,3.0,0.0009049740125227592
14482,11.396,6692.9630000000025,526,3,183.695901,8820.654297,2.0,2.0,0.0017026838486930223
14099,527.336,140388.527,526,3,0.0,458152.9063,1.0,1.0,0.0037562613645771782
13135,6.372000000000001,5880.081,527,4,22.06334004,4585.386231,4.0,2.0,0.00108365854143846
13140,7.725,11607.372,527,4,171.8209736,5647.9057619999985,3.0,3.0,0.0006655253230446995
13069,13.152,8182.351,527,4,15.89146589,10584.62402,2.0,1.0,0.0016073619916818528
13137,60.909,19923.582,527,4,178.6329446,51703.71094,1.0,4.0,0.003057130991806594
18131,5.0310000000000015,6063.718000000003,529,5,854.1687129000003,3537.966065,5.0,3.0,0.0008296889795996449
18137,11.338,8825.635,529,5,551.7607077,9344.853516,4.0,1.0,0.0012846667690200194
18442,22.477,26551.53100000001,529,5,695.5344002999999,19604.10742,3.0,2.0,0.0008465425214086522
18130,25.012,26014.717,529,5,1058.799511,21939.54883,2.0,5.0,0.0009614557790499893
18441,85.81299999999997,58210.648,529,5,900.1311355,76911.03906,1.0,4.0,0.001474180462653499
16442,5.438,727.928,530,8,357.9537581,3792.63794,8.0,4.0,0.007470519062324845
16453,5.4620000000000015,732.07,530,8,160.74410980000005,3814.219971,7.0,3.0,0.0074610351469121825
16450,6.471,904.825,530,8,487.25849360000007,4714.308106,6.0,6.0,0.007151659160611168
16443,7.396,1063.358,530,8,484.3277159,5540.291992,5.0,5.0,0.00695532454733025
16445,8.037,1173.19,530,8,606.3800091,6112.540039,4.0,7.0,0.0068505527663890765
16454,81.872,26282.2,530,8,1216.80256,70785.42969,3.0,8.0,0.0031151121291216107
16449,592.169,564348.154,530,8,0.0,526821.5,2.0,1.0,0.0010492973101848756
16458,1347.437,1270662.553,530,8,43.75533844,1214686.375,1.0,2.0,0.0010604207992269367
14079,5.77,5762.5819999999985,574,6,1060.322593,3973.192383,6.0,6.0,0.001001287270185483
13083,25.058000000000003,8975.132,574,6,797.5744672000003,20711.17578,5.0,4.0,0.0027919366534107804
14070,27.726,9419.872,574,6,967.1021174,23028.35547,4.0,5.0,0.0029433520965040714
14760,43.483,12048.693,574,6,545.2517740000002,36725.00391,3.0,2.0,0.003608939160454997
14077,53.54600000000001,13729.045,574,6,237.4628411,45479.94922,2.0,1.0,0.003900198447889129
14069,104.09,21990.449,574,6,698.6887326,88523.40625,1.0,3.0,0.004733418585495913
16067,8.899,6332.2959999999985,575,6,1479.305603,6941.508789,6.0,2.0,0.0014053354423103407
16065,10.474,6604.464,575,6,1687.590773,8359.553711,5.0,4.0,0.0015858970538714422
16062,14.804,7352.975,575,6,2166.525517,12259.43555,4.0,5.0,0.002013334738660202
16061,20.034,8256.979,575,6,2245.105391,16969.4668,3.0,6.0,0.002426311124201721
16068,24.253,8986.608,575,6,1531.080776,20770.9707,2.0,3.0,0.0026987935826287292
16070,111.538,23908.792,575,6,992.1300131,98518.32813,1.0,1.0,0.004665145775662777
18514,4.578,5938.518,579,7,1275.256755,3121.549072,7.0,4.0,0.0007708994062154902
17593,4.8889999999999985,6024.651,579,7,1613.981497,3408.0288090000013,6.0,7.0,0.0008114992885065041
18515,7.232,1068.122,579,7,368.2017188,5565.112305,5.0,3.0,0.006770762141403323
17603,8.13,6921.6640000000025,579,7,1372.674263,6391.529785,4.0,5.0,0.0011745730506421575
18520,14.188,7297.695,579,7,259.1435414,11971.41895,3.0,2.0,0.0019441755239154282
18518,25.748,21437.523,579,7,0.0,22619.85742,2.0,1.0,0.0012010715976841168
17604,29.739,15764.559,579,7,1578.709255,26294.51953,1.0,6.0,0.0018864466808110522
15238,5.127999999999999,5680.7869999999975,584,14,371.4609012,3547.0268560000004,14.0,2.0,0.0009026918277344322
15215,5.386,725.2810000000003,584,14,285.7519963,3778.850342,13.0,1.0,0.007426087268244994
15518,5.7860000000000005,5794.507,584,14,2365.000392000001,4139.53125,12.0,13.0,0.000998531885456347
15509,9.947,1513.447,584,14,1234.038039,7885.339844,11.0,6.0,0.0065724138341151025
15510,11.234000000000002,6735.784000000002,584,14,1036.153711,9043.759766,10.0,5.0,0.0016678088252236115
15512,11.318,6750.365,584,14,1271.817453,9119.729492,9.0,7.0,0.001676650077440257
15514,17.041,7739.595,584,14,1580.62695,14273.79785,8.0,9.0,0.002201794796756161
15508,26.728,9414.726,584,14,1327.138522,23001.54492,7.0,8.0,0.0028389567577431357
15517,26.94400000000001,9451.951,584,14,2567.635413,23195.49219,6.0,14.0,0.0028506284046542364
15507,31.019,10156.827,584,14,1732.15776,26868.03125,5.0,10.0,0.0030540049564691807
15240,32.378,10392.072,584,14,2011.249701,28093.70117,4.0,12.0,0.0031156443103935384
15516,34.024,10676.822,584,14,1921.243852,29577.29883,3.0,11.0,0.003186716047153357
15515,42.444,17134.057,584,14,978.4586277,37169.76563,2.0,4.0,0.002477171635415944
15511,46.539,17842.894,584,14,505.4547069,40862.9375,1.0,3.0,0.002608265228723547
17188,5.346,731.2239999999997,647,1,221.2217303,3809.812256,1.0,1.0,0.007311029178473358
15230,8.633,6234.5459999999985,675,4,932.547942,6432.216309,4.0,4.0,0.001384703874187471
15229,19.211,7989.825,675,4,319.9388956,15577.54297,3.0,1.0,0.0024044331383978996
14484,30.247,14822.687,675,4,382.6355434,25127.09766,2.0,3.0,0.0020405881875533096
15231,88.601,19343.182,675,4,381.0571697,74730.64844,1.0,2.0,0.004580476986671583
17189,5.502999999999999,11188.662,677,2,210.5049484,3953.537109,2.0,1.0,0.0004918371830340392
17191,11.394,11794.951,677,2,348.08475310000006,9352.03125,1.0,2.0,0.0009660065565342324
14075,5.053,5643.217,691,12,855.0765142000001,3351.282715,12.0,6.0,0.0008954112521279972
14074,5.683,5748.161,691,12,916.2417102,3898.060303,11.0,9.0,0.0009886640266339095
14082,5.9510000000000005,5792.644,691,12,862.7263042000003,4129.823242,10.0,7.0,0.0010273374300233194
14078,6.2929999999999975,5879.646,691,12,286.3238381,4583.120117,9.0,3.0,0.0010703025318190922
14808,7.4529999999999985,1079.528,691,12,141.3454465,5624.542969,8.0,2.0,0.006903943204808026
14073,9.041,6307.115,691,12,1235.425265,6810.314941,7.0,12.0,0.0014334604648876706
15453,9.154,6372.587,691,12,977.167305,7151.432617,6.0,10.0,0.0014364652848207484
14076,9.483,6489.955,691,12,683.4277722999999,7762.9428709999975,5.0,5.0,0.0014611811638139249
14086,18.719,3021.238,691,12,1086.719215,15741.21387,4.0,11.0,0.00619580450133356
14810,66.411,34005.328,691,12,78.6747553,58637.66406,3.0,1.0,0.0019529586657714344
14087,69.35600000000001,34653.407,691,12,645.1585719999998,60220.72266,2.0,4.0,0.002001419369818385
14080,346.08,62320.21599999999,691,12,865.4218331000003,298649.0,1.0,8.0,0.005553254179991931
18181,5.57,770.702,697,6,0.0,4015.501709000001,6.0,1.0,0.007227177300694692
18183,5.805,811.9630000000003,697,6,377.1498598,4230.479492,5.0,5.0,0.007149340548768845
18182,7.269,1069.432,697,6,12.07662953,5571.938477000002,4.0,2.0,0.006797066106119885
17192,38.799,6617.3809999999985,697,6,397.8458043,34477.78516,3.0,6.0,0.005863195726526855
17195,39.354,19957.258,697,6,222.0284627,34987.33203,2.0,3.0,0.0019719141777893535
18185,57.726000000000006,9950.83,697,6,276.66886889999995,51845.67969,1.0,4.0,0.005801124127334103
10922,54.964,13980.746,841,1,224.7506919,46791.35938,1.0,1.0,0.003931406807619565
11831,6.0,817.2919999999997,876,2,705.0981519,4258.242676,2.0,2.0,0.007341317423882777
11829,56.351000000000006,9383.45,876,2,509.0361569,48889.52344,1.0,1.0,0.0060053605017344365
10914,13.954,6946.033,899,1,368.2146056,10139.19434,1.0,1.0,0.0020089164563427786
11297,7.4689999999999985,11066.895,920,1,152.0539455,5558.720703,1.0,1.0,0.0006748957137480746
12584,7.28,7206.182,1004,1,108.2393587,5389.027344,1.0,1.0,0.0010102437046413761
18158,4.714,636.168,1033,4,170.543467,3314.553711,4.0,1.0,0.007409992329070309
17605,6.084,883.1089999999997,1033,4,342.4727831,4601.162598,3.0,2.0,0.006889296791222829
18148,11.064,1752.003,1033,4,1394.140747,9128.263672,2.0,4.0,0.006315057679695754
18163,12.555,17990.217,1033,4,774.1084049,10506.87891,1.0,3.0,0.0006978792973981358
15168,16.572,12713.095,1043,3,506.03728110000014,14135.72852,3.0,3.0,0.0013035378088498513
15166,23.507,8936.638,1043,3,0.0,20510.61523,2.0,1.0,0.002630407542523262
14809,24.295,14075.594,1043,3,497.037432,21234.60352,1.0,2.0,0.0017260372812685563
16053,5.006,5683.566999999999,1175,3,1183.701099,3561.5139159999994,3.0,3.0,0.000880784901453612
16054,7.2429999999999986,11698.319,1175,3,839.0204861,5648.676758,2.0,1.0,0.0006191487853938672
16058,17.812,21127.651,1175,3,869.8397185,14967.97559,1.0,2.0,0.0008430658003580237
15958,12.714,7057.655,1344,4,1110.309564,10720.76367,4.0,2.0,0.0018014482147398819
15949,18.338,3061.79,1344,4,1249.785757,15952.49609,3.0,3.0,0.005989306908703733
15943,20.098,8375.972,1344,4,645.6892835,17589.44336,2.0,1.0,0.0023994827107827006
15953,35.146,6063.575,1344,4,1520.556525,31592.35352,1.0,4.0,0.00579625056175606
16418,7.213999999999999,6075.768,1587,8,882.2591297,5604.9521479999985,8.0,5.0,0.0011873396087539877
16424,13.208,7161.73,1587,8,281.2021421,11263.01367,7.0,4.0,0.0018442471302324997
16423,19.987,3380.959000000001,1587,8,215.6065644,17615.42383,6.0,3.0,0.005911636313838764
16421,22.025,3747.451,1587,8,197.3791227,19524.91602,5.0,2.0,0.005877328349323313
17125,29.019,12294.495,1587,8,1349.0197449999996,25631.04492,4.0,7.0,0.0023603246819003136
16395,53.82100000000001,14400.163,1587,8,1586.806404,48976.59766,3.0,8.0,0.0037375271377136504
16419,94.369,21437.949,1587,8,1239.425489,85644.77344,2.0,6.0,0.004401960280808579
16422,178.822,36562.64,1587,8,166.1285561,164447.2344,1.0,1.0,0.004890839392341472
13879,25.322,4142.565,1622,1,452.1705662,21583.5332,1.0,1.0,0.00611263794291701
18127,5.301,6138.616,1850,10,1370.965431,3787.08252,10.0,9.0,0.0008635496991504275
18517,5.541,6640.723000000001,1850,10,428.4399305,4007.783691,9.0,4.0,0.0008343970980268262
18129,8.625,7058.568,1850,10,1186.26869,6846.878906,8.0,8.0,0.0012219192334762517
18133,10.427,7557.656999999997,1850,10,345.00244360000005,8506.866211,7.0,2.0,0.00137966038945668
18521,11.827,7945.054,1850,10,415.3870941,9795.363281,6.0,3.0,0.0014885990705664177
17595,24.976,11586.164,1850,10,1534.082035,21905.83984,5.0,10.0,0.002155674647795422
18519,32.749,13739.417,1850,10,517.7984485000002,29067.64453,4.0,5.0,0.0023835800310886557
18134,33.767,14021.422,1850,10,673.3388573,30005.601560000014,3.0,7.0,0.0024082436146633346
18132,63.725,38930.623,1850,10,641.3956021,57625.15625,2.0,6.0,0.0016368862116591353
18136,75.065,59276.421,1850,10,125.9199615,66991.46094,1.0,1.0,0.0012663551330131756
18172,8.634,8442.749,1916,2,45.38124197,6644.818359000001,2.0,1.0,0.0010226526928610576
18171,42.122,7366.355,1916,2,339.0465494,38380.08203,1.0,2.0,0.005718160474210109
15462,12.571,11368.221,1980,2,419.8445831,10159.30176,2.0,1.0,0.001105801866448585
15488,20.105,11913.22,1980,2,508.9360438,16886.87891,1.0,2.0,0.0016876209790468069
10275,34.11,15596.305,2012,1,63.04204785,29157.79297,1.0,1.0,0.0021870564854944807
11587,4.9860000000000015,5645.136,2109,1,307.2789338,3361.2763670000004,1.0,1.0,0.0008832382426216129
12019,29.524,4727.522,2148,1,442.5449863,24631.26953,1.0,1.0,0.006245132227835217
18187,15.348,7509.299,2192,5,0.0,13073.91406,5.0,1.0,0.002043865878825707
18186,17.63,7913.788,2192,5,223.7603214,15181.37793,4.0,3.0,0.0022277574279220016
18190,24.243,16058.87,2192,5,0.0,21289.36523,3.0,1.0,0.0015096329941023247
18188,49.206,27623.652,2192,5,192.2331827,44356.37891,2.0,2.0,0.0017812995906551388
18189,123.239,26297.384,2192,5,584.9114622000002,110963.3359,1.0,4.0,0.004686359677449286
15170,9.498,6498.958000000001,2294,1,312.343375,7809.851562999997,1.0,1.0,0.001461465053320855
14757,6.0820000000000025,11373.985,2347,5,665.9476323,4569.92627,5.0,5.0,0.0005347290329642603
15122,6.238,5905.049,2347,5,531.7957494,4715.476074,4.0,3.0,0.0010563841214526757
15456,9.454,6481.352,2347,5,512.4772841,7718.118651999999,3.0,2.0,0.0014586462824423053
15458,13.708,13379.456,2347,5,574.3483622,11240.20313,2.0,4.0,0.0010245558563816049
15460,108.174,59333.695,2347,5,0.0,95218.51563,1.0,1.0,0.0018231461903729408
10820,5.787000000000001,5781.233,2371,1,157.7062213,4070.368164,1.0,1.0,0.0010009975380684364
12148,6.146,6318.518,2395,1,123.2159276,4385.442871,1.0,1.0,0.0009726964455905641
13875,13.241,8364.994,2569,1,410.3449823,11192.10156,1.0,1.0,0.001582906096525592
17155,6.874,11520.741000000002,2636,1,701.3008923,5343.506836,1.0,1.0,0.0005966630097838324
13139,6.266,5842.004,2655,1,181.3107705,4386.998047,1.0,1.0,0.0010725771498958235
15455,13.619000000000002,7142.071,2678,1,1040.028174,11160.58887,1.0,1.0,0.0019068698700979033
14068,5.937,5790.426,2810,2,979.0364875,4118.269043,2.0,2.0,0.0010253131634874533
14072,38.491,20497.757,2810,2,571.257066,34915.94922,1.0,1.0,0.0018778152165624755
16055,4.567,5583.794,2833,3,1425.311146,3041.673828,3.0,2.0,0.0008179026661800203
16461,5.818,799.943,2833,3,1444.041058,4167.849609000001,2.0,3.0,0.0072730182025469315
16059,36.204,6053.937,2833,3,1190.672489,31542.14063,1.0,1.0,0.005980240626884621
15503,51.094,8938.744,2938,1,0.0,46572.52344,1.0,1.0,0.005716015583397399
15495,17.142,25912.007,3005,1,0.0,15030.94824,1.0,1.0,0.0006615465949820097
13059,5.337999999999999,731.93,3209,4,240.7502901,3813.493652,4.0,2.0,0.007293047149317557
15163,5.414,10725.059,3209,4,329.4389856,3777.692871,3.0,4.0,0.0005047990878185379
15165,14.178,12228.983,3209,4,293.6225764,11613.41699,2.0,3.0,0.0011593768672341763
15164,18.984,3138.68,3209,4,35.72245031,16353.10645,1.0,1.0,0.006048402513158399
14767,6.433,5872.984,3243,2,96.38668721,4548.408203,2.0,1.0,0.0010953545931676298
14769,108.479,24031.807,3243,2,481.169246,99159.25781,1.0,2.0,0.00451397599855891
15961,5.431,5757.437,3247,10,930.813722,3946.386963,10.0,7.0,0.0009433016809389317
15963,6.53,5953.655,3247,10,1227.172315,4968.720215,9.0,9.0,0.001096805239806472
15959,10.661,6691.0859999999975,3247,10,1068.944018,8810.874023,8.0,8.0,0.0015933138506962852
15955,25.959,9422.611,3247,10,456.07220210000014,23042.62891,7.0,3.0,0.0027549688722159917
15960,51.784,14036.221,3247,10,490.3396558,47080.39453,6.0,4.0,0.0036893121018826934
15956,57.88800000000001,15127.013,3247,10,863.0541821,52763.625,5.0,5.0,0.0038267964733024297
15964,60.451,15585.214,3247,10,886.3800658,55150.9375,4.0,6.0,0.0038787404523287264
15965,62.372,27119.455,3247,10,1440.014445,56939.97656,3.0,10.0,0.0022998987258409137
15957,137.257,28901.189,3247,10,0.0,124529.6484,2.0,1.0,0.004749181772417737
15445,203.179,65612.38,3247,10,377.9948865,184968.9531,1.0,2.0,0.003096656454163071
14841,5.502999999999999,715.49,3316,4,1095.073154,3727.835938,4.0,3.0,0.007691232581866971
14840,7.216,5999.632,3316,4,1107.523578,5208.26709,3.0,4.0,0.0012027404347466646
14838,19.082,12968.466,3316,4,557.9470146000001,15466.25879,2.0,2.0,0.0014714153547536
14113,22.292,8501.305,3316,4,133.7697463,18242.45117,1.0,1.0,0.002622185652673325
13058,45.078,16807.676,3594,1,181.6104261,39272.79297,1.0,1.0,0.00268198887222719
15167,5.908,5832.448,3809,1,398.6665736,4337.208496,1.0,1.0,0.0010129537374358073
18195,4.973,11318.447,4100,2,21.102405800000003,3494.792725,2.0,1.0,0.00043937123175997556
18191,19.384,14781.715,4100,2,374.2474716,16801.75977,1.0,2.0,0.00131134986704858
15505,14.571,2312.675,4124,1,2193.123697,12049.4668,1.0,1.0,0.00630049617866756
14477,5.19,5663.626,4149,2,597.1735361000002,3457.616455,2.0,2.0,0.0009163740684854544
14479,11.445,6701.103,4149,2,367.0824619,8863.06543,1.0,1.0,0.0017079277844259371
15501,99.204,22464.786,4305,1,251.15609280000004,90994.78906,1.0,1.0,0.004415977966582899
14842,4.799,5598.732,4418,5,1472.935507,3119.503906,5.0,4.0,0.0008571583708596876
15236,5.046,5666.579000000002,4418,5,1802.548092,3473.001953,4.0,5.0,0.0008904843645522277
15234,5.9060000000000015,10815.227,4418,5,1192.44064,4247.484375,3.0,3.0,0.0005460819268980671
15232,15.806,7424.621999999998,4418,5,699.8680386,12632.73145,2.0,2.0,0.0021288625872131948
15233,69.22800000000001,11567.665,4418,5,159.03220990000003,60269.6875,1.0,1.0,0.005984613143620601
17614,19.431,3266.502,4469,1,260.1677948,17019.08203,1.0,1.0,0.005948565162366348
14067,5.5820000000000025,731.313,4474,5,696.1661464,3810.276611,5.0,4.0,0.0076328466744061746
13085,5.711,752.7389999999997,4474,5,723.2741076,3921.909912,4.0,5.0,0.007586959092062458
13878,9.987,12294.193,4474,5,382.6490906,7630.575195,3.0,3.0,0.0008123347339674919
13876,11.649,12727.718,4474,5,156.27946200000005,9072.49707,2.0,2.0,0.0009152465508742414
13877,353.47900000000016,107432.473,4474,5,92.39606988,324064.2188,1.0,1.0,0.003290243537445146
15171,5.058,5698.198,4692,1,63.00632306,3637.740234,1.0,1.0,0.0008876490427324567
10100,40.395,18391.714,4696,1,486.27946110000005,31192.66211,1.0,1.0,0.0021963695172728327
15216,5.939,5820.935,4723,5,0.0,4277.222168,5.0,1.0,0.001020282823979309
14481,7.451,6038.499,4723,5,209.2959666,5410.773438,4.0,3.0,0.001233915911884725
14480,7.779,11620.614,4723,5,553.1112405,5694.4365229999985,3.0,5.0,0.0006694138536913798
15174,8.533999999999999,1324.0929999999996,4723,5,45.89696175,6898.771484000001,2.0,2.0,0.00644516661594012
15175,9.831,11557.969,4723,5,298.5268511000001,8117.306640999999,1.0,4.0,0.0008505819664337221
15440,60.437,37316.472,4845,1,0.0,52723.27344,1.0,1.0,0.0016195796858824165
17131,4.578,10941.988,5054,9,504.07949,3133.088379,9.0,2.0,0.0004183883221220861
16457,4.722,10978.718,5054,9,1354.377153,3255.255127,8.0,8.0,0.00043010486288107595
17129,8.128,6819.145,5054,9,1283.776643,6392.022461,7.0,7.0,0.0011919382855181992
17132,14.001,13358.904,5054,9,892.7712433,11802.35547,6.0,4.0,0.0010480650209029124
16436,14.517,7356.419,5054,9,1554.198771,12277.37988,5.0,9.0,0.0019733786234851494
16455,27.743,12355.617,5054,9,670.5839177,24465.06836,4.0,3.0,0.002245375524346538
16448,41.76300000000001,24740.42,5054,9,960.1461876,37476.69531,3.0,5.0,0.0016880473330687198
16456,47.503,17832.732,5054,9,1192.664902,42682.16797,2.0,6.0,0.002663809448827022
17130,274.225,187302.753,5054,9,167.39241819999995,249216.3125,1.0,1.0,0.0014640735152461962
18179,7.314,1085.578,5084,2,0.0,5656.064453,2.0,1.0,0.00673742467146534
18176,26.351,9459.879,5084,2,122.020152,23236.79883,1.0,2.0,0.002785553599575639
15490,5.235,10731.878,5204,2,171.0429388,3813.220459000001,2.0,1.0,0.0004877990599594964
15489,10.687,11717.678999999998,5204,2,505.2033992,8949.429688,1.0,2.0,0.0009120406865557591
13074,10.644,7639.893,5240,4,199.0431683,8780.387695,4.0,2.0,0.001393213229557011
13072,15.117,8889.005,5240,4,0.0,12934.98438,3.0,1.0,0.0017006402853862723
13082,47.655,12745.195,5240,4,1026.095213,40353.90625,2.0,4.0,0.0037390561697957544
13081,72.193,11647.978,5240,4,566.793113,60688.13281,1.0,3.0,0.006197899755648577
15498,5.563,10783.405,5299,4,543.691589,4081.685059,4.0,3.0,0.000515885288552178
15499,6.682,5983.731,5299,4,0.0,5125.4208979999985,3.0,1.0,0.0011166945840312675
15496,13.701,2240.506,5299,4,83.52257009,11673.45215,2.0,2.0,0.0061151364914889764
15513,16.807000000000002,12699.079,5299,4,653.6644345,14062.705080000002,1.0,4.0,0.0013234818052553262
16444,5.537000000000001,5770.685,5368,4,49.14654918,4015.412842,4.0,1.0,0.0009595048074881925
18174,6.0760000000000005,5879.4,5368,4,500.4207696,4581.839356,3.0,3.0,0.001033438786270708
18173,6.6,5973.78,5368,4,734.6290739,5073.575684,2.0,4.0,0.0011048280987917198
18177,99.235,22185.771,5368,4,56.60815093,89541.07031,1.0,2.0,0.004472911939819446
14824,21.147,3419.761,5372,1,0.0,17817.58984,1.0,1.0,0.006183765473669066
10916,5.6160000000000005,674.6310000000002,5386,2,362.4023264,3514.953857,2.0,1.0,0.008324550754412411
10917,25.162,3657.15,5386,2,392.0302563,19054.43164,1.0,2.0,0.006880220937068482
19582,5.978,6255.3830000000025,5402,3,251.5838261,4411.103515999999,3.0,2.0,0.0009556569118149916
18156,9.324,7132.057,5402,3,22.26610354,7491.517578,2.0,1.0,0.001307336719266265
18157,28.691,12209.268999999998,5402,3,255.0468851,25331.58008,1.0,3.0,0.0023499359380156175
18159,32.514,18233.572,5441,4,640.6803559,28930.72852,4.0,2.0,0.0017831942090118164
18161,63.278,11010.659,5441,4,995.9273915,57367.58203,3.0,3.0,0.005746976634186928
18160,69.835,27740.267000000003,5441,4,74.84198278,62334.89453,2.0,1.0,0.002517459547162974
18167,126.939,22110.356,5441,4,1092.927499,115199.0703,1.0,4.0,0.005741155863795228
11586,22.166,8564.582,5490,1,577.5957025,18572.13867,1.0,1.0,0.0025881006218400385
12743,11.825,12829.263,5651,1,191.3191308,9410.239258,1.0,1.0,0.000921720912573076
15123,9.203,12249.882,5850,1,365.9614719,7483.196289,1.0,1.0,0.0007512725428702088
9932,49.154,12328.514,6108,2,169.561549,38182.92188,2.0,1.0,0.003987017413453074
9937,59.931,10297.751,6108,2,914.5194012,53653.19922,1.0,2.0,0.00581981444297886
10944,6.646,5955.91,6156,4,1549.123001,4980.470703,4.0,4.0,0.0011158664251138784
10946,8.245,6235.893,6156,4,1178.269311,6439.230957,3.0,3.0,0.0013221843286919772
11594,14.323,7300.611999999999,6156,4,1119.487431,11986.61816,2.0,2.0,0.0019618903182363344
10945,96.896,26581.578,6156,4,988.5486938,86393.10938,1.0,1.0,0.0036452312951473385
12503,809.5939999999997,233105.52,6282,1,0.0,742057.6875,1.0,1.0,0.0034730794877787523
17196,5.313,738.688,6287,6,421.01115130000005,3848.702637,6.0,4.0,0.007192481805579622
17199,5.506,759.438,6287,6,455.0827857,3956.814941,5.0,5.0,0.007250098098857313
17201,6.954,7008.371,6287,6,640.4165671000002,5323.566895,4.0,6.0,0.000992241991755288
17200,7.017,6043.687,6287,6,159.5705059,5437.805176,3.0,2.0,0.0011610462288996768
17198,7.347,1102.826,6287,6,0.0,5745.928223,2.0,1.0,0.006661975687914504
17197,7.457000000000002,1122.395,6287,6,162.75520659999995,5847.887207,1.0,3.0,0.006643828598666247
15441,40.777,16757.608,6291,5,440.84129360000014,35208.39453,5.0,5.0,0.002433342515232484
15442,45.747,31225.572,6291,5,0.0,39634.10156,4.0,1.0,0.001465049223117514
15452,158.382,66561.911,6291,5,178.1461784,138163.4219,3.0,3.0,0.002379468942831284
16451,213.986,111897.809,6291,5,241.9056309,187021.5781,2.0,4.0,0.0019123341369445403
15967,262.281,49241.428,6291,5,131.96618610000002,230506.0781,1.0,2.0,0.005326429607199856
12583,23.763,3834.438,6524,1,315.2674064,19978.13867,1.0,1.0,0.006197257590290937
11583,8.42,6102.047,7139,2,889.0770353,5741.870117,2.0,2.0,0.0013798648224112335
11454,40.022,16602.471,7139,2,375.7308768,34400.10156,1.0,1.0,0.0024106050237943494
18184,569.362,162945.305,7241,1,0.0,519843.0625,1.0,1.0,0.0034941908881633626
14719,8.287,6272.153,7300,3,763.8713225,6628.151856,3.0,2.0,0.0013212369022248024
14716,14.606,7404.491,7300,3,431.5830006,12527.84473,2.0,1.0,0.001972586636947766
15431,101.003,37710.428,7300,3,896.5113867,92165.96875,1.0,3.0,0.0026783838146838324
17207,4.511,10588.881,7561,5,947.9104841,3068.178955,5.0,5.0,0.00042601290920164277
17206,5.533,5778.021,7561,5,95.12992388,4053.632324,4.0,1.0,0.0009575943043474575
17205,6.171,5892.29,7561,5,209.502774,4648.9995119999985,3.0,2.0,0.0010473007947673994
17203,10.863,12542.21,7561,5,600.9424442000002,8932.694336,2.0,3.0,0.0008661153018487172
17204,15.343,7508.510999999998,7561,5,783.4369915,13069.81055,1.0,4.0,0.00204341446659664
15172,10.591,6696.1309999999985,7562,1,125.9433115,8837.15918,1.0,1.0,0.0015816596180690016
15506,6.9270000000000005,10991.652,7606,1,2374.120988,5166.69043,1.0,1.0,0.0006302055414418142
15969,4.609,5583.3809999999985,7828,9,483.2979835,3039.526123,9.0,3.0,0.0008254854898850717
16433,4.673,5594.257,7828,9,794.8421178,3096.190186,8.0,7.0,0.0008353209371682424
16452,5.252999999999999,5693.309,7828,9,1046.968078,3612.267822,7.0,9.0,0.0009226620230871009
15962,5.729,5810.72,7828,9,593.4941853999999,4224.00293,6.0,6.0,0.0009859363383539388
15968,9.974,6568.406,7828,9,511.4299831,8171.688477,5.0,4.0,0.0015184810439549566
16434,18.662,7980.743,7828,9,966.699041,15530.22559,4.0,8.0,0.002338378769996728
15971,47.79,23037.144,7828,9,139.8262614,43362.05078,3.0,1.0,0.0020744758985749272
15970,94.998,43776.4,7828,9,576.3688289,82505.39844,2.0,5.0,0.0021700733728675725
16435,136.918,27827.014,7828,9,432.85930470000005,118932.9922,1.0,2.0,0.004920326701240744
13872,6.359,5877.879,8033,1,289.3473701000001,4573.915039,1.0,1.0,0.0010818528248029604
11597,9.215,6362.775,8051,1,463.4729192,7100.311035,1.0,1.0,0.0014482674619171667
17193,11.195,1791.6470000000006,8192,1,157.1030112,9334.814453,1.0,1.0,0.006248440680558166
12504,6.004,6344.667,8238,3,287.3260046000001,4472.414063,3.0,3.0,0.0009463065595089544
13070,6.183,6394.641,8238,3,242.8093946,4638.629883,2.0,2.0,0.0009669033805025177
13071,22.272,10887.116000000002,8238,3,199.4500819,19580.77734,1.0,1.0,0.0020457208318529897
10920,6.025,5806.438,8254,6,534.9635135,4201.692383,6.0,4.0,0.0010376413215813206
10919,7.334,1076.45,8254,6,692.1655853999997,5608.504395,5.0,5.0,0.006813135770356263
10915,10.647,11656.715,8254,6,446.2269252,8631.792969,4.0,2.0,0.0009133791123828626
10625,27.449,9600.69,8254,6,923.5777013,23970.44922,3.0,6.0,0.002859065338012164
10921,33.574,10404.03,8254,6,470.1146002,28156.003910000003,2.0,3.0,0.0032270187609993433
10918,45.497,12396.938999999995,8254,6,132.6410683,38539.42969,1.0,1.0,0.0036700188651408237
15502,5.487,5775.038000000001,8277,2,159.2327528,4038.093018,2.0,2.0,0.0009501236182342001
15494,5.653,11193.58,8277,2,113.6939543,4193.942383,1.0,1.0,0.000505021628469176
10102,15.061,12114.846,8317,3,0.0,11018.74023,3.0,1.0,0.0012431854272022939
10101,48.28,20084.623,8317,3,401.4363377,37485.33594,2.0,2.0,0.0024038290387626395
10111,112.499,21894.098,8317,3,0.0,88021.39844,1.0,1.0,0.00513832540623505
14839,4.901,5615.763000000001,8338,2,859.555138,3208.238281,2.0,1.0,0.0008727220148001258
15235,10.880999999999998,6674.917,8338,2,1918.875646,8726.626953,1.0,2.0,0.0016301326293645295
17587,4.674,11314.185,8516,15,1145.142436,3210.150391,15.0,8.0,0.00041310973790865187
17578,5.134,11487.295,8516,15,561.0463815,3633.006104,14.0,4.0,0.00044692854148866204
17592,6.093,6357.689,8516,15,1602.366707,4515.727051,13.0,14.0,0.0009583671047765941
17588,6.706,12079.933,8516,15,1594.155283,5080.638672,12.0,13.0,0.0005551355293112966
17571,7.701,12454.897,8516,15,188.1791669,5996.5625,11.0,1.0,0.000618311014535086
17577,9.607,13173.381,8516,15,471.1510618,7751.59668,10.0,3.0,0.0007292736769702478
17584,10.468,7568.880999999998,8516,15,1264.834343,8544.198242,9.0,10.0,0.0013830313886557344
17594,10.783,13616.521,8516,15,945.9649794,8834.053711,8.0,6.0,0.0007919056563714035
17585,11.106,7745.503000000002,8516,15,1674.571425,9131.651367,7.0,15.0,0.0014338642693702392
18439,11.183,9767.799,8516,15,1017.454832,9202.286133,6.0,7.0,0.0011448843285984897
17582,13.127,16890.535,8516,15,824.7744872000003,10992.55469,5.0,5.0,0.0007771808293816627
17591,14.554,8700.225,8516,15,1427.074501,12307.09473,4.0,12.0,0.001672830300365795
17589,16.383,9206.628,8516,15,1379.600562,13991.41016,3.0,11.0,0.0017794788710915656
17576,29.234,23382.275,8516,15,381.7572696,25829.00781,2.0,2.0,0.0012502632870411456
18128,36.887,14885.809,8516,15,1181.061582,32880.58594,1.0,9.0,0.002477997668786426
14755,6.699,5917.221,8779,8,464.831925,4778.893555,8.0,3.0,0.0011321192836975331
14081,7.727,1088.237,8779,8,1006.587285,5669.917969,7.0,6.0,0.007100475356011604
14754,16.096,7481.937,8779,8,375.5978711,12931.35156,6.0,2.0,0.002151314559317995
14084,18.962,14635.657,8779,8,585.7622713,15418.37793,5.0,4.0,0.0012956029237361877
14756,19.96,14896.09,8779,8,1111.578247,16284.58691,4.0,8.0,0.0013399489396210683
14083,23.136,8654.84,8779,8,1067.607601,19042.39453,3.0,7.0,0.002673186332734054
14085,32.34,10189.421,8779,8,788.075789,27037.85156000001,2.0,5.0,0.0031738800467661513
14766,343.565,99119.244,8779,8,7.225756487999999,296414.0938,1.0,1.0,0.003466178575776869
15461,7.582999999999997,6090.626,8901,1,170.2955004,5682.365234000001,1.0,1.0,0.0012450280151826752
14098,21.396,8352.623,9035,2,243.8358111,17467.79102,2.0,2.0,0.002561590532698531
14106,29.75,9740.144,9035,2,208.8457697,24697.03516,1.0,1.0,0.0030543696273894923
11529,15.124,7367.486,9090,1,943.7953228,12335.04492,1.0,1.0,0.0020528033578889734
13874,6.731,988.0,9153,1,138.78660559999997,5147.666504,1.0,1.0,0.006812753036437247
11562,5.699,5766.276999999999,9192,4,1162.2342119999996,3992.444336,4.0,3.0,0.000988332679820966
10827,11.568,6763.308000000001,9192,4,34.24592641,9187.163086,3.0,1.0,0.0017104056180792
11532,32.596,15338.722,9192,4,1189.926978,27815.73633,2.0,4.0,0.0021250792601886907
11561,44.42100000000001,12351.347,9192,4,662.6256416,38301.88672,1.0,2.0,0.0035964498447011496
10913,7.71,5993.8380000000025,9197,1,992.2991702,5178.081543,1.0,1.0,0.001286321051720116
12018,52.414,8553.985,9231,1,488.3526666,44567.85547,1.0,1.0,0.006127436510585417
15966,9.13,6423.302,9392,5,46.22630494,7415.666992,5.0,2.0,0.0014213873176132776
15954,10.086,6594.536,9392,5,0.0,8307.828125,4.0,1.0,0.001529448015751222
15439,18.2,8048.781999999997,9392,5,556.5932391,15884.72461,3.0,4.0,0.0022612116963784093
15443,311.268,59879.264,9392,5,48.05427383,285931.1875,2.0,3.0,0.005198260285897969
15435,338.148,69726.578,9392,5,784.421515,311186.5938,1.0,5.0,0.0048496285017744604
18180,11.086,1754.009,9571,1,147.4716157,9138.713867,1.0,1.0,0.006320378059633674
15497,23.82,14079.8,9838,2,370.6757547,21256.51953,2.0,2.0,0.0016917853946789019
15487,69.48100000000001,12138.586,9838,2,123.7372072,63244.29297,1.0,1.0,0.00572397806466091
12501,6.2860000000000005,5865.853,9849,2,276.89115489999995,4511.256348,2.0,1.0,0.0010716258999330533
12499,45.084,21068.069,9849,2,513.9294947,38890.44531,1.0,2.0,0.0021399208441931724
15173,14.068,7329.123,9856,1,299.9556672,12135.16211,1.0,1.0,0.0019194656714043414
12020,21.113000000000003,10205.831,10300,1,335.6675575000001,17314.79883,1.0,1.0,0.0020687193428932933
15491,6.449,5951.3719999999985,10400,2,0.0,4956.8276369999985,2.0,1.0,0.001083615677191747
15492,7.836,11202.126,10400,2,116.0284086,6263.302734000001,1.0,2.0,0.0006995100751410937
15437,9.429,6476.712,10519,2,650.22606,7693.943359000001,2.0,2.0,0.0014558312921741773
15434,16.094,7671.33,10519,2,556.4260979,13918.12695,1.0,1.0,0.0020979412957075243
14475,4.904,616.1659999999998,10607,4,556.5587587,3210.341797,4.0,3.0,0.007958894194097047
14474,6.372000000000001,859.565,10607,4,154.5188224,4478.491699,3.0,2.0,0.007413051950695992
14478,38.322,6164.75,10607,4,0.0,32119.49609,2.0,1.0,0.006216310474877327
14476,43.475,12021.631,10607,4,622.4092228,36584.00781,1.0,4.0,0.003616397808250811
17187,5.24,5712.553000000001,10726,2,611.4901133,3712.53125,2.0,2.0,0.0009172781416645061
17186,12.800999999999998,8257.071,10726,2,306.4857517,10833.14551,1.0,1.0,0.001550307609078328
14770,4.794,11012.378,11305,4,678.8175347,3367.2089840000012,4.0,4.0,0.00043532831873370123
14768,4.842,5654.941,11305,4,499.6609985,3412.366211,3.0,3.0,0.0008562423551368617
14717,6.32,5919.677,11305,4,229.3877724,4791.6884770000015,2.0,1.0,0.0010676258180978455
14720,426.511,128213.968,11305,4,405.8624097,393184.2813,1.0,2.0,0.00332655643260335
15519,4.632,5595.0909999999985,11519,10,1431.392624,3100.532715,10.0,7.0,0.0008278685726469866
16050,5.455,5737.223000000001,11519,10,1524.441945,3841.06958,9.0,8.0,0.0009508084311870044
16045,5.5710000000000015,10784.858,11519,10,645.247317,4089.254639,8.0,3.0,0.0005165575661728695
16047,5.98,5827.894,11519,10,1793.08715,4313.481445,7.0,10.0,0.0010260996510918009
16052,10.905,6678.956,11519,10,1619.640886,8747.670898,6.0,9.0,0.0016327402067029637
15500,12.628,2048.241,11519,10,65.48115093,10671.71875,5.0,1.0,0.006165290119668535
16049,22.455,20757.958,11519,10,640.9238187999998,19151.19336,4.0,2.0,0.0010817538025657436
16051,36.423,11091.879,11519,10,1053.258947,31739.82422,3.0,5.0,0.00328375381664369
16046,38.205,11400.352,11519,10,1425.804345,33347.02344,2.0,6.0,0.0033512123134443565
16048,77.387,17982.143,11519,10,976.168198,67639.38281,1.0,4.0,0.004303547135622267
13870,4.473,5585.4609999999975,11931,3,248.91016890000003,3050.362549,3.0,2.0,0.0008008291526876657
13873,5.192,5713.685,11931,3,404.1540305,3718.431152,2.0,3.0,0.0009086955266172355
13871,27.765,17421.215,11931,3,0.0,24683.25195,1.0,1.0,0.0015937464752027917
15430,5.881,5841.033,12451,1,490.5373834,4381.940918,1.0,1.0,0.0010068424540659161
10825,4.882,10627.504,12485,13,199.9370471,3269.412109,13.0,7.0,0.00045937409197869975
11825,4.92,633.874,12485,13,86.38587533,3302.600342,12.0,3.0,0.007761794930853765
11457,5.354,15707.705,12485,13,240.3236644,3687.276856,11.0,8.0,0.00034085183035968653
11298,5.96,10810.605,12485,13,316.1278298,4223.40332,10.0,10.0,0.0005513104955735595
12498,6.7029999999999985,5936.744000000002,12485,13,551.5641519999998,4880.609375,9.0,12.0,0.0011290700761225339
10824,6.8420000000000005,10960.437,12485,13,27.05447366,5004.056152,8.0,1.0,0.0006242451829247319
11453,6.897,10869.971,12485,13,760.5897154,4532.710449,7.0,13.0,0.0006345003128343214
11452,8.613999999999999,6261.4230000000025,12485,13,97.82848872,6572.247559,6.0,4.0,0.0013757256138101507
11827,9.525,1416.2279999999994,12485,13,158.3600873,7378.809081999999,5.0,6.0,0.006725611977732402
10819,10.894,6648.6709999999985,12485,13,49.09376019,8589.884766,4.0,2.0,0.0016385229469167602
11456,21.454,13443.606000000002,12485,13,293.1735725000001,17941.82813,3.0,9.0,0.001595851589223903
11828,44.94600000000001,12440.68,12485,13,353.58196719999995,38767.32813,2.0,11.0,0.0036128250224264275
11455,267.349,69955.444,12485,13,158.3304489,234226.2344,1.0,5.0,0.003821703997761775
15486,20.722,3532.378,12648,1,143.1013369,18404.34961,1.0,1.0,0.005866303096667458
15169,17.184,12821.098,12726,2,345.4804237,14698.44824,2.0,1.0,0.0013402908237656402
14823,21.122,8415.497,12726,2,441.1705005,17795.37305,1.0,2.0,0.002509893355080514
13869,12.207,8990.766,12835,1,0.0,9748.217773,1.0,1.0,0.0013577263605792879
15457,6.584,5929.7,12952,2,764.6343897,4843.911621,2.0,2.0,0.0011103428503971534
15459,10.742,6646.275,12952,2,540.4063914,8577.401367,1.0,1.0,0.0016162436853726337
13868,15.901,13915.499,12967,1,33.55994099,13023.10352,1.0,1.0,0.0011426827022157093
15450,7.95,6153.208000000001,13034,2,400.4388694,6008.430176,2.0,2.0,0.0012920089813313637
15451,8.08,6175.389,13034,2,180.8732183,6123.995117,1.0,1.0,0.0013084195991539965
14831,5.167000000000002,15978.31,13111,7,1037.349389,3437.540039,7.0,7.0,0.0003233758764224753
14110,5.441,10705.258999999998,13111,7,324.2199059,3674.530762,6.0,3.0,0.0005082548680045948
14108,5.678,5744.5,13111,7,556.367391,3878.98584,5.0,4.0,0.0009884237096353034
14111,5.9170000000000025,5784.095,13111,7,278.067854,4085.278565,4.0,2.0,0.0010229776654774865
14112,16.578,13785.235,13111,7,894.8158882000001,13300.375,3.0,6.0,0.0012025910330872125
14109,25.464,15972.868,13111,7,621.8313318,20987.17578,2.0,5.0,0.0015942033703652968
14107,98.917,21065.742,13111,7,166.8451444,83705.50781,1.0,1.0,0.004695633317829489
16446,17.99,14415.125,13337,2,565.0443783,15513.65332,2.0,2.0,0.001247994727759905
16447,21.557,8609.953000000001,13337,2,291.7538307,18808.52734,1.0,1.0,0.002503730275879554
11584,5.193,5610.194,13385,2,726.6791784,3179.225342,2.0,2.0,0.0009256364396667921
11585,28.216,9123.801,13385,2,409.703856,21485.77344,1.0,1.0,0.003092570738883937
15493,10.013,6595.784000000002,13486,1,27.97255596,8314.331055,1.0,1.0,0.001518090950219109
17124,5.166,6381.937,13605,19,1120.812949,3663.084717,19.0,15.0,0.0008094721085463552
17606,5.214,10711.504,13605,19,102.1216788,3707.06665,18.0,2.0,0.00048676637753204406
17133,5.482,6492.22,13605,19,1080.960167,3955.410156,17.0,14.0,0.0008443952915951708
17598,6.141,6297.774,13605,19,511.7238908,4560.055664,16.0,4.0,0.0009751064423715426
17600,7.026,6031.728,13605,19,228.91422340000003,5375.494140999999,15.0,3.0,0.0011648403243647591
17127,7.24,7102.023,13605,19,938.5373844,5571.80957,14.0,10.0,0.0010194278447141047
17611,8.149,11824.194,13605,19,708.6032115,6409.765625,13.0,7.0,0.0006891801673754676
17128,11.103,8444.021999999999,13605,19,722.7079719,9129.02832,12.0,8.0,0.0013148947267072493
17123,11.538,12712.041,13605,19,1279.3290949999996,9529.439453,11.0,16.0,0.0009076433910180121
17586,14.158,28400.27,13605,19,1509.2649210000006,11941.7168,10.0,18.0,0.0004985163873442048
17609,14.174,7295.101,13605,19,966.6986027,11957.90332,9.0,11.0,0.0019429477398599417
17601,18.455,3051.542,13605,19,1078.108587,15899.10156,8.0,13.0,0.006047762082252186
17608,18.692,3093.784,13605,19,696.8302663,16119.19043,7.0,6.0,0.006041792187172731
17599,18.798,9615.197,13605,19,15.16389554,16216.65625,6.0,1.0,0.0019550301465482193
17590,29.113000000000003,18324.265,13605,19,1679.927923,25717.04297,5.0,19.0,0.001588767680449939
17122,31.459,16413.359,13605,19,1501.654891,27879.33984,4.0,17.0,0.0019166704390003288
17597,48.234,41470.744,13605,19,727.0471038,43339.62109,3.0,9.0,0.0011630849931218983
17607,50.784,18802.913,13605,19,675.5715811000001,45864.81641,2.0,5.0,0.002700858106400854
17126,133.825,73419.417,13605,19,1004.631477,120207.8594,1.0,12.0,0.0018227466992825616
17154,5.332999999999998,11108.736,13690,4,512.2908361000002,3895.823486,4.0,4.0,0.0004800726203233201
17153,6.026,11271.268,13690,4,126.6402049,4466.9208979999985,3.0,2.0,0.0005346337253270883
17152,20.517,15170.086,13690,4,363.1534829,18166.39844,2.0,3.0,0.001352464316945863
17151,56.135,29446.954,13690,4,104.3497934,50763.00781,1.0,1.0,0.0019063092230184485
