ClusterID,Cluster_RP,ND,FD,Size
1,4578,0.0,0.0,1
2,4965,173.2555589,379.4044902,3
6,6664,55.20019478,1327.7060279999998,8
9,9459,0.0,377.023031,3
11,1770,106.29329080000001,106.29329080000001,1
12,4895,564.2673417999999,928.3831025000001,4
13,150,138.5038874,138.5038874,1
15,13198,0.0,763.0676089,12
26,16386,0.0,0.0,1
29,7089,107.94314840000001,1381.2412199999999,8
30,3453,595.3245528,595.3245528,1
31,16191,0.0,0.0,2
35,2595,230.92153330000002,315.85058829999997,2
36,6311,218.27124190000004,218.27124190000004,1
37,3206,0.0,32.69745814,2
46,5923,49.67569751,1177.770126,15
63,5075,0.0,0.0,1
71,72,0.0,0.0,1
86,1330,0.0,910.4134638,5
88,6490,356.0737587,356.0737587,1
97,10274,460.8750605,460.8750605,1
101,5201,0.0,0.0,1
113,12582,0.0,306.41869489999993,4
115,4395,0.0,819.7994229,4
121,75,0.0,0.0,1
127,317,0.0,0.0,1
134,12589,0.0,1571.747372,8
135,11525,395.0394207,584.273194,2
138,3616,144.33031730000002,144.33031730000002,1
139,10374,0.0,756.5410644,5
140,10379,545.8745864,545.8745864,1
141,303,50.44497965,50.44497965,1
142,18076,306.13924810000003,975.2747856000001,6
144,3846,0.0,705.2138813999999,3
148,7470,148.77550180000003,1002.497591,10
149,7419,0.0,1167.160375,5
150,7460,212.9221,1571.0179679999999,20
151,2813,91.43752047,649.5223323,2
152,3679,34.51320349,1226.570229,10
153,3880,112.4469723,312.89762060000004,3
155,149,0.0,1032.41119,11
156,321,0.0,764.9743264,9
157,4458,0.0,450.85817649999996,5
162,8751,0.0,252.154018,2
168,15432,0.0,0.0,1
169,7836,280.9491193,451.8850688,2
170,10887,24.02054665,1697.135643,52
171,5626,0.0,851.9627455,9
174,1014,497.5429895,497.5429895,1
176,6305,104.7762677,604.1128927999999,4
178,3901,47.33416074,608.4234918,2
179,6505,355.11544310000005,1339.367708,7
180,4745,452.64168499999994,1544.055695,6
181,9289,440.7555585,844.0284849999999,6
182,4480,0.0,306.4527456,2
183,5481,0.0,264.9107515,2
184,545,151.0544541,561.3488219,3
185,11599,7.1536489329999995,1484.7143720000001,10
187,1818,0.0,1059.6125550000002,8
188,3589,0.0,898.4422332999999,6
189,342,0.0,526.5235157999999,7
190,7463,101.1775002,937.9667912999998,4
191,11366,63.98379037,902.1700591,10
192,1419,172.5996515,390.23591719999996,2
193,10568,127.71626640000001,1207.675396,12
194,7408,0.0,487.5999715,3
195,2196,92.38424345,999.6728195000001,9
196,4300,74.55057309,1252.600524,6
197,4142,85.54837223,118.1962264,2
198,9658,0.0,1725.7030730000001,34
199,3675,147.2834559,463.9128428,3
200,180,0.0,169.35074419999998,2
201,3342,0.001238726,172.7065325,2
202,9315,0.0,1302.831385,11
203,8731,813.1515423,1821.844484,3
204,5914,0.0,1558.3064689999999,25
205,6128,26.57850689,1215.235097,15
206,2159,168.8157659,168.8157659,1
207,4249,0.0,884.8500426,11
208,10908,0.0,341.0435871,6
209,9901,26.6695782,427.7521087,3
210,8727,1010.384171,1270.332507,3
211,10561,5.310027997,1440.92395,12
212,8442,0.0,1623.1359730000001,32
214,10899,434.80114789999993,841.802191,6
219,118,0.0,1428.161572,5
220,8784,0.0,1622.656327,13
221,4208,0.0,1033.1114929999999,8
222,15373,0.0,1001.8330369999999,5
223,3379,35.59111321,716.7769421,3
226,507,91.61083083,91.61083083,1
227,11395,371.5851355,836.0576792,4
228,10370,412.337173,1963.3097890000001,15
229,11396,726.6865478999999,850.5565605,3
230,7468,251.58005240000003,696.8479722999999,2
231,11399,559.6091527000001,559.6091527000001,1
232,7835,237.53250380000003,739.7867323,2
233,6565,1087.3678710000002,1534.647263,4
236,8180,132.5010447,1206.843028,11
238,2289,0.0,0.0,1
239,7308,63.5411066,311.70053010000004,3
240,3879,2.289518127,1054.681654,4
241,8199,83.89390192,1765.0541690000002,17
242,3900,127.21783710000001,127.21783710000001,1
244,10998,0.0,307.8102336,2
245,6737,148.73663269999997,456.64196680000003,2
247,10979,97.90674551,669.6015525,5
248,10995,278.41711560000005,278.41711560000005,1
249,8680,117.82519620000001,944.3983367999999,7
250,8687,0.0,676.8711095,5
251,6032,16.48699924,16.48699924,1
255,5630,128.7636922,475.08919110000005,5
269,122,0.0,0.0,1
279,125,0.0,0.0,1
285,165,0.0,0.0,1
286,12404,693.6604528,1264.597282,11
291,8348,893.0590663999999,996.8122147,3
297,5745,676.536221,1090.957963,5
309,12735,9.738341875,926.2657406999999,2
328,3559,34.42829629,34.42829629,1
331,6389,0.0,221.97911040000002,2
340,6033,0.0,990.8467954,5
341,139,0.0,0.0,1
343,974,0.0,545.1199909,5
350,217,51.89963251,852.9186066,14
365,1851,299.313069,792.9376796,4
368,59,17.49773753,17.49773753,1
369,16382,171.5695109,736.7579258999999,2
370,7833,0.0,492.07508370000005,3
372,6343,0.0,0.0,1
384,17194,0.0,0.0,1
395,16383,0.0,683.5984617,6
406,9679,2.9377125630000003,1505.531939,14
415,16041,170.1071496,510.38666500000005,3
416,11446,436.7163499,436.7163499,1
421,12015,0.0,519.2408044,3
431,12839,288.6730503,288.6730503,1
433,16476,0.0,1480.94835,16
438,17212,369.3914062,369.3914062,1
441,6739,0.0,140.9783244,3
445,18086,0.0,408.7445765,6
448,4978,152.7306755,152.7306755,1
449,15478,0.0,654.2468573,5
450,14013,13.80172289,1180.76197,8
451,17694,0.0,0.0,2
452,18497,86.4994037,86.4994037,1
453,14800,140.0316414,1207.306305,10
455,16076,0.0,0.0,1
458,15476,468.0828007,1268.947495,4
459,14728,89.40860237,625.923918,2
460,13489,17.31617166,52.58459053,2
461,12126,85.92107636,783.3941296,16
463,8223,0.0,1608.44165,22
465,6961,0.0,837.1538489,11
467,13584,287.3015375,510.4998518,3
471,10621,0.0,1414.742714,7
473,12194,616.6124283,2050.409798,16
488,14450,205.010643,1009.367742,3
490,1018,0.0,0.0,1
492,12840,229.9406951,229.9406951,1
493,16329,0.0,1158.144273,26
498,14970,0.0,2488.4158469999998,20
500,14031,205.8656332,852.1457139,5
502,17561,0.0,1205.047649,11
504,16441,85.57438829,220.43863109999998,3
506,15803,1155.115356,1155.115356,1
507,18178,0.0,135.58019040000002,3
510,6345,209.14229450000002,439.8582391,6
512,14029,103.41532600000001,103.41532600000001,1
514,13423,0.0,0.0,1
516,13935,0.0,931.7416127,10
518,12073,0.0,1563.012284,4
519,17104,0.0,331.6123672,4
522,14142,181.1848872,1268.810858,6
523,17067,0.0,1370.280456,13
524,12838,72.42094819,586.7727788999999,3
525,17829,0.0,1529.596656,17
526,14099,0.0,358.94419460000006,3
527,13069,15.89146589,178.6329446,4
528,5971,0.0,0.0,1
529,18137,551.7607077,1058.799511,5
530,16449,0.0,1216.8025599999999,8
534,524,0.0,96.35984888,4
535,14040,109.6586014,1056.78953,7
539,13586,231.39096659999998,231.39096659999998,1
540,12066,10.6648661,1334.877856,5
543,15449,93.38487112,241.50905260000002,2
553,12865,355.72641519999996,431.64313070000003,2
556,12757,0.0,18.63757692,2
561,13076,440.37330639999993,897.3403132999999,5
562,13460,0.0,841.4113974999999,9
564,981,0.0,2288.887767,16
568,13443,158.5306995,408.7106758,3
571,2294,210.08070370000002,771.693992,3
572,12339,59.292644200000005,215.49070849999998,3
573,14028,29.88236921,785.345059,5
574,14071,43.40542821,1621.31868,16
575,16070,992.1300131,2245.105391,6
576,2415,147.637277,147.637277,1
577,2296,297.60425380000004,297.60425380000004,1
579,18518,0.0,1613.981497,7
580,15816,57.83003893,612.9564247999999,6
584,11560,262.0062565,2567.635413,20
586,8173,124.01267150000001,124.01267150000001,1
587,7282,0.0,720.7022602999999,3
588,12335,86.53021663,467.8664433,2
593,14628,333.8453057,925.8422872000001,8
598,12863,36.28133375,168.3834855,2
604,16044,0.0,390.03072410000004,3
605,456,0.0,602.5053098,7
606,16188,213.7815628,213.7815628,1
625,432,0.0,139.0529895,2
631,10898,215.9916145,566.0294947000001,6
637,3372,0.0,143.6123894,2
640,23,0.0,456.08523899999994,4
647,17188,221.22173030000002,221.22173030000002,1
652,16327,31.12986566,2218.818905,14
655,13459,211.4060564,211.4060564,1
656,170,348.46200710000005,835.0826192000001,3
664,14523,0.0,1543.847709,29
665,3426,0.0,993.7207824999999,8
666,17529,0.0,1593.984136,18
667,12072,360.82975310000006,897.3584989,4
674,14452,0.0,1182.637377,18
675,15229,319.9388956,932.547942,4
677,1893,20.91095415,348.08475310000006,3
678,12871,88.35958235,88.35958235,1
679,13583,116.8929523,116.8929523,1
680,17058,0.0,1800.709628,8
682,9869,0.0,0.0,1
687,13442,97.48631,97.48631,1
690,12733,0.0,851.9841152999999,4
691,14810,78.6747553,1235.425265,12
697,18181,0.0,397.8458043,6
704,1467,130.9917811,225.9009193,3
713,10997,0.0,0.0,1
720,330,0.0,0.0,1
731,15886,0.0,629.2165327,7
742,9462,0.0,1715.247527,5
743,2276,0.0,910.0966381000001,10
746,5326,0.0,1740.648205,10
749,3228,254.9727514,254.9727514,1
751,9877,223.86128,223.86128,1
755,7730,0.0,400.06084849999996,6
759,7128,306.4278095,733.3161772000001,3
760,7852,1292.18254,1292.18254,1
761,2952,0.0,1686.219664,13
762,5241,386.8114823,406.953873,3
763,10648,0.0,131.9980031,2
764,3551,60.87992843,239.4672434,2
770,4964,25.63446451,782.0662391,2
771,7718,334.1749395,910.7081317,7
772,8869,276.6855637,760.754158,2
773,6642,126.3189888,337.2848275,4
775,9465,85.30083571,490.91371330000004,5
777,1634,163.303171,883.7167399,3
780,3706,1.260477162,1070.538427,6
782,10649,0.0,1468.027519,14
783,9622,179.1189169,179.1189169,1
784,2285,27.464812100000003,504.9068067,3
785,7111,318.41567119999996,1070.887956,4
786,3234,16.87342143,596.9382318,2
787,6791,0.0,0.0,1
788,5197,186.0553407,639.5661066,2
789,11038,44.43847814,1183.240489,4
790,10650,0.0,408.00473650000004,4
791,14822,0.0,714.1159079,5
793,10801,287.846088,287.846088,1
796,17136,216.0366745,325.3393255,2
797,5200,32.27550214,330.0363711,3
798,4698,77.77312656,77.77312656,1
799,5259,96.48546064,96.48546064,1
800,4579,0.0,885.9198913999999,6
802,5226,111.25135729999998,111.25135729999998,1
804,3509,538.6047883,956.5662079,3
805,14558,367.3160575,743.012611,3
806,764,0.0,0.0,1
807,3506,44.80376514,611.7857336,3
811,9628,27.46663478,27.46663478,1
813,5196,26.15067212,695.857002,2
814,3364,22.99950468,84.72023935,2
815,55,0.0,904.9768716,7
816,1856,174.4856145,174.4856145,1
817,6373,346.28175600000003,1122.575198,10
818,5228,0.0,1031.750578,8
819,304,0.0,815.9721549,3
820,11593,0.0,1766.8648329999999,10
821,9820,148.8499237,148.8499237,1
823,763,274.1938223,603.7880151,2
824,10293,235.4239653,375.412809,2
825,4893,0.0,1751.255355,17
826,7295,0.0,198.94391409999997,3
828,441,0.0,0.0,1
829,526,0.0,658.3019778,4
831,5406,0.0,0.0,1
832,4580,66.76431143,66.76431143,1
837,15366,0.0,1065.789456,9
838,11550,0.0,288.3456424,2
841,10922,224.75069190000002,224.75069190000002,1
843,14410,27.73758524,1189.260806,24
848,10292,0.0,1489.769408,4
851,6267,2.116170394,190.16016090000002,3
852,8713,32.62469224,1898.7763289999998,13
860,7270,200.1890644,2682.328373,26
861,3189,355.626102,605.5892167999999,3
864,5109,171.2174189,171.2174189,1
865,7721,550.1858426,550.1858426,1
867,11030,158.72298469999998,1433.574418,7
872,10810,584.6719025,584.6719025,1
873,5110,335.6834021,335.6834021,1
874,5229,254.063177,254.063177,1
876,11830,0.0,1163.578823,14
881,8372,358.65644039999995,358.65644039999995,1
882,10430,36.48081499,685.4007723999999,3
885,7131,0.0,882.9999857,6
890,9565,379.08353660000006,379.08353660000006,1
891,241,47.522092799999996,546.4271738,4
892,7715,54.69671825,873.3757858999999,6
894,6620,218.6800535,218.6800535,1
898,11123,427.0642631,1037.385205,5
899,10914,368.2146056,368.2146056,1
900,992,82.54752869,255.2850315,2
902,11000,103.691925,103.691925,1
904,5195,149.5877065,1089.427155,5
907,8581,1221.381263,1487.527752,2
908,3321,0.0,1609.7167140000001,19
910,1385,370.34664300000003,849.8923231000001,7
913,9633,0.0,241.19219080000002,2
914,10360,7.250277124,1742.1070309999998,29
920,11297,152.0539455,958.5352769,3
921,1859,0.0,0.0,1
923,134,0.0,0.0,1
927,11461,0.0,676.1683188,10
928,2266,494.17028600000003,1228.435541,4
930,1781,125.576507,125.576507,1
931,2411,0.0,1051.397852,7
932,8712,0.0,150.2692383,2
939,9427,413.3804013,849.7473407,2
940,11451,14.65027751,295.6457185,3
941,4702,0.001278882,298.35594199999997,3
943,7247,62.95852032,239.6604017,2
945,10368,282.8669646,1279.087166,3
948,4637,134.57181980000001,134.57181980000001,1
950,9151,0.0,186.5612048,3
951,4966,20.2091962,20.2091962,1
953,3240,12.81289969,70.05908464,3
954,11526,134.87975219999998,1227.399638,10
955,6268,209.3124176,304.5063065,3
957,6112,0.0,0.0,1
958,126,0.0,0.0,1
962,4567,0.0,1177.890366,13
967,3203,0.0,808.7083813999999,4
988,5331,0.0,507.666938,3
990,1002,0.0,113.43063020000001,2
999,13502,0.0,0.0,1
1004,12584,108.23935870000001,108.23935870000001,1
1011,12697,304.0787619,304.0787619,1
1020,3202,177.61358280000002,255.90517069999999,2
1028,1309,257.8491951,512.4962735,4
1033,18158,170.543467,1394.1407470000001,4
1043,15166,0.0,506.0372811000001,3
1056,1804,826.1735673999999,1032.504514,4
1060,184,0.0,0.0,1
1062,1302,0.0,939.9349080000001,6
1066,11400,0.0,0.0,1
1088,4489,0.0,475.63460430000003,3
1094,5074,218.87686780000004,242.0123133,2
1105,203,0.0,0.0,1
1110,9156,168.6609247,1017.940216,3
1139,12147,36.30252896,36.30252896,1
1144,14781,0.0,0.0,1
1145,16038,352.0131585,1466.48483,7
1150,451,0.0,0.0,1
1151,5124,370.1481724,1266.9498019999999,4
1152,3243,355.0311256,1008.5981320000001,2
1157,1279,0.0,814.2199919,5
1167,12867,0.0,620.0148482000001,3
1169,9576,246.42007009999998,1396.025908,8
1175,16054,839.0204861,1183.701099,3
1200,8501,0.0,788.3104651000001,5
1207,12912,25.52825547,531.1492714999999,4
1211,9891,0.0,0.0,1
1220,7315,302.1838037,302.1838037,1
1224,2511,0.0,1061.919517,4
1227,13633,782.2436649,782.2436649,1
1246,9283,0.0,308.4995272,5
1255,12291,0.0,331.99787599999996,3
1262,17688,182.85890519999998,182.85890519999998,1
1265,12024,435.210445,435.210445,1
1268,3348,0.0,0.0,1
1316,5203,0.0,822.4023685,3
1324,13232,718.4159903,737.95757,3
1334,5963,299.8171062,412.959647,2
1341,8953,483.40353980000003,832.6622454,3
1344,15941,0.0,1520.556525,10
1350,1027,0.0,0.0,1
1355,74,0.0,190.93603810000002,2
1362,12630,192.30982780000002,212.3004005,2
1370,9308,525.0952476,2193.257951,10
1375,14801,104.9357804,1538.077791,10
1381,6612,0.0,822.6371538,7
1388,13440,250.08162099999998,250.08162099999998,1
1392,439,102.4639728,159.86519380000001,2
1398,15427,142.0974375,1481.733287,8
1403,3338,55.8642407,473.7465072,2
1411,12129,0.0,0.0,1
1416,14814,0.0,1465.5240789999998,17
1433,13636,0.0,1330.8918130000002,17
1437,344,199.7386812,199.7386812,1
1446,978,0.0,410.80693239999994,2
1447,473,113.62577890000001,719.1370516,2
1452,3796,0.0,1647.385554,16
1455,7260,238.75192090000002,365.11364310000005,3
1471,9873,366.4503045,366.4503045,1
1486,16965,287.7654208,2097.342729,33
1500,1287,0.0,228.4706415,4
1504,2423,104.09228449999999,379.2687772,2
1506,12395,80.04389595,516.3638371999999,5
1517,5485,171.82621519999998,351.4478472,3
1522,592,0.0,795.1984683999999,3
1524,10270,763.7225430999999,763.7225430999999,1
1543,4581,415.5651934,415.5651934,1
1546,174,0.0,0.0,1
1562,510,0.0,0.0,1
1563,11120,0.0,0.0,1
1569,147,0.0,61.45591943,2
1575,2172,0.0,0.0,1
1576,2295,256.4526185,256.4526185,1
1583,11367,134.95209269999998,773.8033262,5
1587,16422,166.1285561,2015.4054039999999,25
1588,12292,158.1860687,434.26470020000005,3
1589,5603,0.0,259.4931249,2
1590,7123,0.0,446.6455408,6
1593,4592,635.9732773,635.9732773,1
1599,15331,207.9381509,928.4103011,4
1601,1398,0.0,0.0,1
1608,10629,1668.3559779999998,1668.3559779999998,1
1611,12121,231.91320860000002,231.91320860000002,1
1622,13879,452.17056619999994,452.17056619999994,1
1624,12064,0.0,320.5553769,3
1640,123,0.0,0.0,1
1641,4605,189.4214156,189.4214156,1
1660,1677,773.4101382,773.4101382,1
1664,32,187.875757,380.94566210000005,2
1672,5065,19.40326112,882.439368,6
1675,13629,94.52366618,1944.5486019999998,9
1677,16388,0.0,605.2595557999999,5
1681,3505,137.1209995,137.1209995,1
1691,6694,144.9614149,485.9994807,2
1699,1001,569.6892607999999,909.7418960000001,2
1708,1645,65.08979933,951.2892637,11
1723,6736,210.6243338,991.452559,9
1730,8172,2.895951592,1354.434888,6
1732,971,127.3887205,619.822566,4
1747,15448,26.45083303,26.45083303,1
1756,12150,0.0,0.0,1
1758,12132,452.25822869999996,452.25822869999996,1
1761,110,0.0,0.0,1
1767,7598,0.0,724.3417137,5
1784,3976,51.98987694,282.9441463,2
1786,9458,34.39512331,78.69705563,2
1796,11552,0.0,0.0,1
1797,2957,21.23327125,2231.520457,12
1798,752,0.0,0.0,1
1800,4201,372.2782909,1335.929097,5
1801,99,0.0,231.62040090000002,2
1808,3847,0.0,0.0,1
1809,382,0.0,0.0,1
1814,9582,356.7217918,356.7217918,1
1817,9880,73.31825606,73.31825606,1
1827,13458,326.275033,938.5544676000001,7
1842,9886,133.317981,603.7851914,5
1843,670,0.0,161.8980756,3
1850,18136,125.9199615,1534.082035,10
1851,152,0.0,422.7127062,3
1858,546,0.0,0.0,1
1867,4492,96.55836537,881.180916,5
1868,453,352.6804139,352.6804139,1
1886,8710,260.51148959999995,603.7068871,2
1906,17549,0.0,1174.512477,16
1916,18172,45.38124197,339.0465494,2
1919,1476,380.6694883,380.6694883,1
1930,18044,177.65014069999998,2303.024137,19
1939,2256,37.79235884,342.1571854,2
1945,1889,0.0,1113.129188,10
1951,11553,545.3071177,545.3071177,1
1957,12869,160.0073066,160.0073066,1
1959,1404,247.44264700000002,247.44264700000002,1
1964,13491,0.0,550.3365832000001,3
1980,15462,419.8445831,508.9360438,2
1984,9570,169.3940024,1068.599461,5
1996,2169,0.0,246.24481129999998,3
2002,4426,0.0,0.0,1
2004,758,0.0,0.0,1
2008,12297,38.67098756,359.4335918,2
2010,3545,70.70610259,70.70610259,1
2012,10275,63.04204785,63.04204785,1
2015,10661,102.4166297,1101.2306130000002,14
2032,17554,0.0,555.8329571,7
2049,426,0.0,0.0,1
2065,8496,601.1813156000001,1443.879082,4
2081,67,0.0,103.9541047,2
2083,1982,632.2852875,897.9704647,3
2084,323,0.0,216.4894852,3
2085,299,381.90985539999997,381.90985539999997,1
2098,6923,361.9899362,937.4933927999999,12
2105,6445,0.0,1143.756062,8
2109,11587,307.2789338,307.2789338,1
2116,85,253.6034912,936.4979627999999,4
2118,9157,0.0,920.4689338,5
2145,5304,70.07818609,638.24017,4
2146,704,114.2666031,297.58415289999994,2
2148,12019,442.5449863,442.5449863,1
2165,7281,71.24015655,352.58023,3
2172,11612,1058.850434,1058.850434,1
2175,3345,88.31384095,88.31384095,1
2177,1013,0.0,0.0,1
2187,6952,0.0,0.0,1
2190,181,0.0,0.0,1
2192,18187,0.0,584.9114622000001,5
2195,7714,299.804881,299.804881,1
2199,460,0.0,543.2682607999999,4
2208,2821,64.8385509,291.39360330000005,2
2211,7206,605.7271703,605.7271703,1
2223,6047,469.4282647,469.4282647,1
2233,4461,157.2746867,357.96095319999995,3
2259,10138,67.82391222,67.82391222,1
2264,5324,203.4090399,451.9631029,2
2275,7829,0.0,1465.0121199999999,14
2277,982,302.2866519,302.2866519,1
2280,325,0.0,119.22783740000001,2
2287,3560,119.8549674,119.8549674,1
2293,12624,0.0,1307.135336,8
2294,15170,312.343375,312.343375,1
2296,12103,80.77157193,145.89812759999998,3
2310,16951,772.2343476,1134.550384,2
2313,13130,310.38659920000003,310.38659920000003,1
2316,3233,276.5636468,276.5636468,1
2329,7289,0.0,0.0,1
2333,2612,0.0,846.7666872000001,2
2334,2588,0.0,618.1908289,3
2345,6390,610.380483,949.0400588,3
2347,15460,0.0,665.9476323,5
2364,12181,0.0,1552.846552,9
2365,11523,187.1236268,583.649322,3
2368,1797,206.8028331,475.19797989999995,3
2370,4546,848.932908,848.932908,1
2371,10820,157.7062213,157.7062213,1
2375,5967,410.2859111,432.87515089999994,2
2391,11051,174.3305733,1899.443902,19
2395,12148,123.21592759999999,123.21592759999999,1
2408,17141,0.0,0.0,1
2412,1441,81.17241043,218.39028259999998,2
2415,2974,0.0,1206.8367759999999,3
2424,6835,0.0,343.297581,2
2446,14645,0.0,1680.283646,13
2459,5311,177.7850622,177.7850622,1
2474,12022,22.3632887,33.39310833,2
2479,7893,1238.638557,1238.638557,1
2489,698,851.7615852,851.7615852,1
2499,11570,715.7789002000001,715.7789002000001,1
2504,1852,0.0,253.685296,3
2519,1849,266.2676532,266.2676532,1
2526,10816,227.8350324,227.8350324,1
2529,1258,99.69493019,494.62393899999995,2
2531,398,586.1573958,586.1573958,1
2532,10301,233.0231025,460.9491398,3
2537,6624,59.81971054,158.6804781,2
2547,11024,0.0,604.210877,5
2569,13875,410.3449823,410.3449823,1
2570,140,0.0,0.0,1
2592,160,0.0,367.1629327,3
2606,8614,129.5099138,589.0934424,3
2614,11551,0.0,104.78612530000001,2
2617,819,143.2388852,517.9067441000001,2
2620,310,0.0,825.5763296,5
2623,5411,292.2826721,292.2826721,1
2627,7621,0.0,0.0,1
2630,3227,0.0,475.0877959,3
2636,17155,701.3008923,701.3008923,1
2640,39,0.0,180.8181947,2
2645,1731,138.3542785,582.7223472999999,2
2653,10290,556.4193106,2067.427596,9
2655,13139,181.31077050000002,1057.370144,6
2664,3511,0.0,0.0,1
2678,15455,1040.028174,1040.028174,1
2688,5327,0.0,1259.3565820000001,10
2694,15836,0.0,1830.5306649999998,6
2706,136,163.76573019999998,163.76573019999998,1
2711,4210,128.5985559,529.5883596,2
2714,4147,424.4239579,424.4239579,1
2716,124,0.0,243.65058739999998,2
2722,7853,1380.5567210000002,1380.5567210000002,1
2731,480,0.0,349.09658110000004,2
2736,7405,263.95933340000005,837.908056,5
2740,4197,280.88051989999997,875.595407,4
2743,1427,172.2047024,172.2047024,1
2747,10025,0.0,317.6287765,5
2755,3710,0.0,961.1284965,8
2757,11555,140.6180763,486.2102658,3
2772,7290,538.5675647999999,555.1820491000001,2
2780,12762,0.0,983.8444616,8
2785,5937,0.0,0.0,1
2789,9889,60.47475246,60.47475246,1
2797,6135,464.1981778,464.1981778,1
2806,9962,32.92047012,1169.2421550000001,10
2807,18498,0.0,0.0,1
2810,14072,571.257066,979.0364875,2
2833,16059,1190.672489,1444.041058,3
2863,5961,0.0,934.7399401,8
2869,11556,0.0,0.0,1
2882,9859,245.8496671,351.9519003,4
2884,6271,488.9520944,488.9520944,1
2886,6027,156.7181407,156.7181407,1
2893,1473,0.0,368.42587349999997,7
2897,588,0.0,0.0,1
2900,17689,0.0,171.6557893,2
2911,12695,492.96060760000006,492.96060760000006,1
2913,6383,152.8160353,1287.526287,8
2918,3428,194.2925057,714.3007281,4
2925,12689,138.0604769,1080.394289,4
2931,1015,0.0,115.7401179,2
2937,15808,0.0,1685.7922469999999,6
2938,15503,0.0,0.0,1
2941,7619,176.1129385,701.9716534,3
2945,14035,54.63017242,1476.464443,8
2947,10815,293.5579264,293.5579264,1
2953,3884,396.0393247,396.0393247,1
2972,3354,0.0,775.7824241000001,6
2978,500,34.67868165,64.9934451,2
2984,1292,126.6291835,261.5124954,3
2992,11351,148.4370294,148.4370294,1
2995,759,0.0,0.0,1
2996,12309,0.0,1120.539896,3
3005,15495,0.0,0.0,1
3010,13497,360.15219160000004,360.15219160000004,1
3013,1989,113.76416640000001,113.76416640000001,1
3028,8749,368.2340168,368.2340168,1
3029,6644,233.4332355,233.4332355,1
3034,19,0.0,0.0,1
3035,469,287.2421883,287.2421883,1
3039,3861,425.811622,425.811622,1
3043,10423,20.95558243,641.0416822000001,7
3067,77,0.0,0.0,1
3074,96,374.8814105,374.8814105,1
3077,9863,0.0,556.9403541,3
3083,1072,0.0,0.0,1
3092,167,0.0,0.0,1
3100,3230,10.9333002,136.3971765,3
3106,11352,88.18108158,123.94742190000001,2
3122,465,0.0,0.0,1
3143,515,173.32932639999999,173.32932639999999,1
3164,7331,156.80447790000002,156.80447790000002,1
3169,12734,0.0,888.1025237,2
3170,6672,52.41886131,548.214433,2
3171,4206,0.0,0.0,1
3184,6686,309.04482360000003,314.2804603,2
3203,11945,332.3065292,713.8478114,3
3209,15164,35.72245031,329.4389856,4
3213,13649,0.0,2006.1615570000001,9
3221,5965,0.0,0.0,1
3227,703,216.50863760000001,216.50863760000001,1
3243,14767,96.38668721,481.169246,2
3247,15957,0.0,1440.014445,10
3248,5479,118.5972582,118.5972582,1
3260,9566,157.3306472,157.3306472,1
3263,5376,30.58983414,516.5492973,4
3267,4744,0.0,1638.163514,8
3271,10964,684.0497978,684.0497978,1
3273,175,421.9545557,421.9545557,1
3294,4362,0.0,1210.200055,15
3295,248,0.0,0.0,1
3309,11002,0.0,376.7505343,2
3310,166,0.0,0.0,1
3316,14113,133.7697463,1107.523578,4
3323,497,297.7115992,297.7115992,1
3325,5126,0.0,450.0257183,4
3329,6619,8.434387637999999,44.089647899999996,2
3331,8447,121.145394,863.2153529,4
3332,2819,0.0,0.0,1
3336,789,78.60278084,78.60278084,1
3340,10853,339.70698500000003,339.70698500000003,1
3359,652,284.43007539999996,284.43007539999996,1
3371,12905,92.88345791,2032.5971690000001,22
3376,1062,286.05702189999994,286.05702189999994,1
3382,522,0.0,53.35838004,2
3407,11151,0.0,1079.384068,6
3412,3934,0.0,0.0,1
3417,15805,306.2616855,688.7203546000001,2
3439,6605,274.7177382,720.2975327,4
3442,1342,537.5079688,1030.678067,2
3444,6616,208.40223559999998,208.40223559999998,1
3448,16231,1465.7526599999999,1738.412634,2
3459,2163,0.0,0.0,1
3492,5484,0.0,0.0,1
3499,8539,0.0,661.184405,5
3501,5330,0.0,0.0,1
3515,8281,0.0,1010.220211,6
3527,161,30.46681367,30.46681367,1
3529,604,47.15756069,1737.183902,59
3530,2361,0.0,781.7895997,4
3549,8747,1001.608586,1001.608586,1
3552,14637,56.62245287,334.6668883,4
3575,508,0.0,0.0,1
3579,11334,94.41855079,1169.772805,8
3586,6360,0.0,410.93640800000003,3
3593,12872,111.28497759999999,482.2720794,3
3594,13058,181.61042609999998,181.61042609999998,1
3596,1074,0.0,0.0,1
3626,700,157.3648789,157.3648789,1
3634,11499,0.0,0.0,1
3637,11931,245.2900662,1610.48359,12
3644,2197,0.0,104.4108761,2
3659,151,0.0,0.0,1
3667,9153,0.0,1011.0188699999999,3
3678,100,184.4991563,184.4991563,1
3695,795,181.1743526,325.26254639999996,2
3699,1636,156.3595534,706.2725251,3
3707,120,124.43560169999999,245.03499190000002,2
3708,7994,0.0,881.9029417000002,4
3725,8373,0.0,1780.0718949999998,25
3726,9159,0.0,686.3700574,3
3729,4582,0.0,1792.684105,5
3732,505,130.50027169999998,130.50027169999998,1
3742,18083,292.2549768,994.2019821,2
3743,2200,10.73878978,292.70867189999996,2
3745,4148,0.0,239.9209126,3
3758,6977,0.0,448.37999069999995,5
3765,520,157.96293219999998,157.96293219999998,1
3767,4215,253.346146,253.346146,1
3775,761,128.2806976,128.2806976,1
3793,15306,0.0,836.33818,3
3794,558,246.8639315,246.8639315,1
3805,146,99.52150229,237.0968325,2
3806,4422,295.2075569,295.2075569,1
3809,15167,398.6665736,398.6665736,1
3817,187,0.0,173.94569730000003,2
3820,4429,0.0,193.4251277,2
3832,1089,0.0,0.0,1
3836,433,106.2983327,106.2983327,1
3848,1016,0.0,0.0,1
3854,127,17.50650437,17.50650437,1
3859,12293,0.0,730.4018437000001,6
3862,5398,513.9440561000001,513.9440561000001,1
3865,4224,386.2781124,386.2781124,1
3886,1345,93.72423187,400.5654298,3
3899,823,0.0,0.0,1
3901,12145,0.0,0.0,1
3928,1867,0.0,607.2694058999999,4
3931,14923,0.0,582.3873792999999,4
3934,2414,482.2188961,482.2188961,1
3940,8943,1404.070362,1404.070362,1
3944,9298,116.4079187,262.9893711,3
3946,10659,323.13778060000004,1143.501364,7
3956,6635,0.0,419.4679141,2
3960,4620,476.5731746,632.1046787,3
3968,7871,950.6736314,1290.725389,2
3971,560,27.28332709,346.27977460000005,3
3984,6270,3.5448539739999996,3.5448539739999996,1
3986,76,0.0,0.0,1
3993,121,0.0,0.0,1
3996,9878,60.55204156,915.0747332000001,9
4000,926,370.2805118,370.2805118,1
4029,15676,0.0,0.0,1
4040,361,0.0,296.6898169,4
4053,2288,160.7659128,160.7659128,1
4068,4746,479.2528745,837.4036278,3
4084,6387,0.0,760.9454691000001,3
4088,194,0.0,0.0,1
4100,18195,21.102405800000003,374.2474716,2
4102,1991,195.92628,195.92628,1
4104,9822,0.0,0.0,1
4114,4308,1127.942253,1127.942253,1
4119,5966,0.0,0.0,1
4124,15505,2193.123697,2193.123697,1
4149,14479,367.0824619,597.1735361000001,2
4150,5387,234.5704965,459.72361050000006,5
4172,18739,0.0,0.0,1
4174,15193,200.4587824,1643.045063,16
4180,445,209.5516347,245.7884219,3
4207,1813,0.0,842.0063212000001,4
4228,1007,237.60408590000003,237.60408590000003,1
4229,1995,0.0,0.0,1
4231,9952,199.5675857,1129.74538,7
4240,6833,641.1579009999999,991.8744044,3
4246,5754,235.049344,235.049344,1
4252,5758,272.13844889999996,460.6944206,3
4289,14812,0.0,0.0,1
4297,7778,113.2171051,168.8281707,2
4305,15501,251.15609280000004,251.15609280000004,1
4321,2838,156.3444462,156.3444462,1
4326,6617,261.0306846,421.8493782,2
4328,179,0.0,264.8570546,3
4331,12133,10.69590626,1620.5441970000002,11
4338,653,0.0,533.3421741999999,7
4371,2174,116.29268770000002,276.84687560000003,2
4375,9821,0.0,594.8340324,6
4381,15596,421.5306505,421.5306505,1
4382,12122,93.47972762,445.19780419999995,5
4386,5412,0.0,0.0,1
4391,11156,0.0,1413.972508,8
4400,7623,0.0,1013.9888460000001,14
4411,2412,46.13874177,46.13874177,1
4418,15233,159.03220990000003,1802.5480920000002,5
4419,337,0.0,118.1122665,2
4430,5041,0.0,865.9193615,3
4443,511,208.3348003,264.42787119999997,2
4469,17614,260.1677948,260.1677948,1
4474,13877,92.39606988,723.2741076,5
4479,2579,0.0,471.88328600000006,4
4495,98,112.80283600000001,112.80283600000001,1
4498,6000,121.69542240000001,854.3371924,4
4516,107,0.0,0.0,1
4523,7826,397.7255771,424.7377279,2
4559,17478,22.96647226,2040.242123,22
4564,254,0.0,438.3308743,3
4565,11136,101.5532156,367.0240011,2
4570,1073,299.3019374,299.3019374,1
4572,2814,0.0,852.8316868999999,5
4589,46,0.0,114.14484109999998,3
4596,1779,0.0,300.30229510000004,3
4618,326,132.6576706,1326.206455,5
4620,12709,76.0748278,1623.981408,10
4625,4153,0.0,1357.329688,6
4627,7264,66.5900132,166.9994541,2
4633,1067,35.60123345,581.3082252,2
4634,6648,185.6417217,1125.564682,3
4638,2021,0.0,759.1934572,5
4640,14592,23.35985586,350.02907369999997,3
4645,79,0.0,0.0,1
4646,9331,400.39427810000007,2495.820235,21
4655,7415,215.27877969999997,215.27877969999997,1
4659,12169,156.94396030000001,1364.094902,8
4661,962,659.6928719,659.6928719,1
4662,16026,0.0,1634.7686429999999,11
4669,10859,189.8513594,501.08981330000006,3
4672,11354,27.04942358,27.04942358,1
4679,7590,0.0,757.8739222,2
4690,15473,27.13953023,574.4210999,2
4691,10878,0.0,435.9110659,4
4692,15171,63.00632306,63.00632306,1
4696,10100,486.27946110000005,486.27946110000005,1
4703,2020,103.6973211,346.1610694,2
4709,11371,152.7215445,671.715247,4
4713,13157,0.0,1664.483727,7
4723,15216,0.0,553.1112405,5
4726,15307,414.17684360000004,1189.876362,8
4728,11491,250.11394610000002,1137.3494150000001,2
4736,3615,108.4131347,108.4131347,1
4744,16035,169.9672658,181.96922959999998,2
4745,10924,0.0,1197.34987,5
4754,7252,0.0,0.0,1
4758,14772,0.0,0.0,1
4766,11054,0.0,814.5569164,2
4770,338,0.0,229.731111,3
4785,9537,0.0,835.6597883,5
4788,37,0.0,0.0,1
4802,360,54.42594163,54.42594163,1
4807,15588,0.0,1947.70228,26
4817,754,0.0,25.63377968,2
4818,10433,0.0,0.0,1
4821,6086,0.0,917.0462748,5
4831,2181,0.0,278.2258867,2
4842,7112,193.12468930000003,1029.761824,3
4845,15440,0.0,0.0,1
4853,435,326.19561810000005,326.19561810000005,1
4878,4548,515.2252882,664.3203472,2
4879,6886,51.84984872,1878.920677,33
4880,9208,315.41852339999997,608.0743123,3
4883,3678,0.0,1199.15561,11
4887,12107,411.36146560000003,411.36146560000003,1
4890,4557,99.21732490000001,388.5073178,3
4893,4544,1107.8407320000001,1107.8407320000001,1
4894,540,206.802986,800.0632929,5
4903,10029,257.78131060000004,257.78131060000004,1
4905,18077,132.1519007,132.1519007,1
4907,10437,0.0,0.0,1
4930,13129,0.0,0.0,1
4936,9539,0.0,1307.232401,8
4940,1986,100.9750387,152.6905837,2
4950,1763,180.646555,430.17707,6
4958,14026,40.42553066,236.05724130000002,2
4962,7504,409.1345543,1029.286701,4
4964,3518,42.60000142,42.60000142,1
4970,11936,814.7209458,1048.509001,2
4973,11481,0.0,1652.7515119999998,21
4981,18085,0.0,1430.021773,12
4993,4205,250.61792769999997,446.00190760000004,3
5009,482,401.3538691,620.4723647999999,2
5010,4493,45.46257186,45.46257186,1
5011,12875,5.35657674,567.5017922999999,2
5017,5378,0.0,0.0,1
5018,760,0.0,0.0,1
5020,7007,0.0,799.1373081,4
5028,12388,0.0,0.0,1
5032,2594,0.0,485.2174034,3
5033,15807,102.1860635,871.5876296,2
5037,7272,764.2010299,764.2010299,1
5039,3349,474.6645188,474.6645188,1
5044,4226,97.45724736,317.8146453,3
5054,17130,167.39241819999998,1554.198771,9
5055,2840,218.3397938,785.8454783,3
5065,13227,23.7691193,545.1216542999999,4
5084,18179,0.0,122.020152,2
5086,365,361.92160079999996,361.92160079999996,1
5087,4988,0.0,0.0,1
5095,10070,0.0,1828.27524,14
5096,9375,126.079503,650.0004191,8
5099,1981,388.0051704,388.0051704,1
5124,7248,0.0,0.0,1
5130,4460,166.78538319999998,469.49622120000004,2
5141,9627,76.38477843,76.38477843,1
5147,732,0.0,280.9985567,7
5148,3680,245.5288639,494.0639881,2
5158,2422,45.80952533,154.420596,2
5161,373,0.0,0.0,1
5162,6959,0.0,837.7725752,4
5164,9183,59.54256753,59.54256753,1
5186,15254,278.0977794,954.3558529,14
5204,15490,171.0429388,505.2033992,2
5209,2135,0.0,231.10420069999998,2
5212,10482,122.88410049999999,835.3238485,6
5231,11108,12.98512805,1377.793308,7
5237,702,29.80236495,557.2521458,3
5239,119,0.0,650.2576706,3
5240,13072,0.0,1026.095213,4
5249,9374,273.6092383,546.5356285,2
5257,4415,1362.732108,1362.732108,1
5259,9454,0.0,948.0259532,5
5263,10431,0.0,0.0,1
5264,4251,226.09939649999998,790.866834,4
5272,601,253.37477030000002,793.0872516,4
5287,3370,61.64870003,197.2310531,2
5290,3515,861.9046442,861.9046442,1
5291,7783,0.0,0.0,1
5299,15499,0.0,653.6644345,4
5310,4392,0.0,521.0366765,5
5314,1365,0.0,361.6977767,2
5319,17,0.0,0.0,1
5326,7951,0.0,967.7042451,4
5327,5466,344.8066482,344.8066482,1
5329,11142,0.0,939.2031558,12
5354,8171,34.12549943,2598.556599,22
5360,1472,37.43411676,165.10547069999998,2
5363,1351,290.3906076,451.0539256,3
5366,13206,0.0,546.9604959,2
5368,16444,49.14654918,734.6290739,4
5369,66,0.0,0.0,1
5372,14824,0.0,0.0,1
5383,437,291.9810081,291.9810081,1
5384,69,0.0,0.0,1
5386,10916,362.4023264,392.0302563,2
5389,443,118.8706278,118.8706278,1
5390,1439,0.0,1258.544441,10
5392,5747,199.88180780000002,695.5663745,4
5402,18156,22.26610354,255.04688509999997,3
5404,427,21.88409033,21.88409033,1
5417,6792,1599.358218,1662.599612,2
5419,12737,0.0,695.9378780000001,3
5441,18160,74.84198278,1092.9274990000001,4
5452,3672,252.67353390000002,252.67353390000002,1
5462,13965,130.447808,1608.739825,15
5480,17652,176.1161065,1499.1448890000001,2
5490,11586,577.5957025,577.5957025,1
5506,6269,0.0,0.0,1
5513,3935,52.13119989,76.67525051,2
5517,818,234.24903880000002,234.24903880000002,1
5518,7250,0.0,501.90562520000003,4
5525,5328,0.0,600.2529621,7
5527,814,128.7965553,128.7965553,1
5538,5408,33.61417915,123.59749860000001,3
5543,332,0.0,111.13637140000002,2
5546,18305,141.08254780000001,340.4286441,4
5550,4191,175.2875989,516.0825551,2
5557,13121,0.0,1417.630279,7
5564,985,543.1012019,543.1012019,1
5566,429,84.36071506,84.36071506,1
5567,5313,162.6522965,326.3075448,3
5569,5413,0.0,405.7637887,2
5579,196,133.2607201,475.1582568,4
5583,10075,398.2398936,1153.984225,8
5588,1988,0.0,0.0,1
5589,448,0.0,220.50552180000003,3
5596,4216,86.43802807,190.7397798,2
5616,2632,8.267991075,1616.364292,14
5629,7775,625.1517908,1425.0486019999998,4
5651,12743,191.3191308,191.3191308,1
5655,300,0.0,0.0,1
5698,10302,419.0374544,419.0374544,1
5705,1257,889.4243152,889.4243152,1
5706,3356,0.0,331.66188239999997,5
5710,1374,0.0,351.6517701,4
5714,10434,222.39386499999998,222.39386499999998,1
5726,4430,158.7980212,158.7980212,1
5733,669,268.7368833,268.7368833,1
5737,4607,205.4531145,1258.390592,7
5745,131,294.36237539999996,294.36237539999996,1
5755,1363,239.3743726,239.3743726,1
5766,13398,0.0,1873.926352,10
5769,5756,0.0,0.0,1
5798,2293,173.1838065,442.61405310000004,2
5821,17143,394.3115986,672.196673,2
5826,1880,64.12368059,64.12368059,1
5829,6636,0.0,696.0557357999999,4
5848,8350,191.22696159999998,924.0743077999999,8
5850,15123,365.96147189999994,365.96147189999994,1
5853,9275,86.28637906,86.28637906,1
5855,12864,221.7007213,267.9194931,2
5860,230,0.0,0.0,1
5861,4488,40.60129249,1025.614685,2
5863,137,0.0,553.095891,4
5870,13487,5.427252567999999,5.427252567999999,1
5897,4633,610.0998051,700.2866763,3
5910,7278,0.0,534.8851171,2
5911,12913,22.51832659,2951.899651,19
5929,14782,29.27488713,612.5337657,5
5931,2281,169.1984656,408.8944121,3
5939,3431,300.71786710000003,300.71786710000003,1
5950,10268,311.1853539,476.75395189999995,2
5958,13,0.0,323.8943343,2
5967,14638,233.41996559999998,1025.371485,7
5990,5759,513.9914267,513.9914267,1
5996,666,4.252429384,4.252429384,1
6009,11568,0.0,664.931942,4
6016,8752,396.1624244,800.1056033,4
6018,15328,398.1541095,398.1541095,1
6020,12136,233.64277919999998,1404.956856,10
6027,13414,73.2262093,633.8800076,2
6035,19372,653.5014074,653.5014074,1
6039,12692,0.0,0.0,1
6047,12191,73.17947058,597.5577614,4
6066,9333,37.894288700000004,2062.002415,12
6067,13949,128.62291729999998,1554.8037570000001,9
6070,2057,0.0,1047.59366,13
6075,3674,309.68226549999997,309.68226549999997,1
6083,3343,491.58904029999997,500.0617079,2
6095,2784,248.34032569999997,248.34032569999997,1
6097,13504,370.71081539999994,684.6257595,3
6108,9634,146.3611785,1512.431461,7
6110,883,301.07606089999996,301.07606089999996,1
6112,1985,209.174028,209.174028,1
6115,4979,270.87969889999994,1135.763684,2
6120,506,0.0,0.0,1
6150,226,390.0809201,573.1629663,2
6156,10945,988.5486937999999,1549.123001,4
6162,9144,0.0,1106.534738,5
6169,7109,0.0,914.0145591,2
6174,229,292.93032,292.93032,1
6182,10864,72.6746167,891.9783382000002,7
6185,10981,128.6718529,1105.089127,5
6186,4747,806.8242071000001,806.8242071000001,1
6194,15480,0.0,735.8515557,7
6197,478,177.2421628,177.2421628,1
6202,2900,225.4461957,533.0754233,2
6209,4098,297.4250651,910.2257533,2
6222,13199,409.7283632,813.8267332,4
6223,48,0.0,258.7775463,6
6248,141,241.83143790000003,241.83143790000003,1
6250,12600,211.52168769999997,491.4856136,2
6258,14589,69.61189689,1826.0919489999999,10
6264,3386,59.95325457,527.9027307,2
6277,5329,89.72192947,413.2746921,3
6282,12503,0.0,0.0,1
6287,17198,0.0,640.4165671000001,6
6290,7115,249.600095,460.9737081999999,2
6291,15442,0.0,440.8412936000001,5
6296,308,376.29393569999996,376.29393569999996,1
6305,9279,0.0,0.0,1
6307,3337,194.810647,194.810647,1
6336,10139,350.9468405,760.5774489,4
6342,12179,780.5117230000001,780.5117230000001,1
6349,7199,569.7406328,569.7406328,1
6365,4107,0.0,1091.8723710000002,6
6375,17138,0.0,207.4864168,2
6379,3535,0.0,1183.321325,25
6391,10427,103.2501741,529.878913,2
6398,3507,57.19855458,407.25534550000003,2
6399,6025,79.56359854,497.0572307,4
6404,4985,0.0,0.0,1
6418,4217,0.0,0.0,1
6422,516,266.46076239999996,266.46076239999996,1
6425,1349,1029.522536,1029.522536,1
6431,16016,88.09034208,2489.479109,20
6436,1079,573.2132161000001,634.5650079,3
6441,5941,258.8764981,258.8764981,1
6445,11001,176.55403159999997,719.6652231,3
6447,9318,0.0,2272.2190960000003,14
6467,6943,19.86464421,474.6799971,6
6477,5970,123.93715060000001,123.93715060000001,1
6482,43,0.0,154.52046289999998,2
6484,523,0.0,74.47858670000001,2
6486,11407,107.9351398,107.9351398,1
6494,18098,0.0,639.4403957999999,9
6499,64,78.30235017,164.1570158,2
6512,267,0.0,1140.005296,12
6516,316,1141.263136,1141.263136,1
6521,56,237.5639866,237.5639866,1
6522,4986,286.2277504,334.67818860000006,2
6523,11162,0.0,1453.2471189999999,19
6524,12583,315.26740639999997,315.26740639999997,1
6530,3504,290.79252579999996,802.3304228,2
6532,11405,0.0,1846.2123179999999,14
6551,1364,0.0,202.67582480000002,2
6554,11600,0.0,0.0,1
6559,6290,332.7189897,332.7189897,1
6565,5948,235.5498576,415.59324689999994,2
6570,475,171.5017343,1068.5406679999999,6
6572,384,640.6326504,640.6326504,1
6573,12878,254.2099154,602.4074068,3
6591,6237,0.0,1957.700593,21
6598,5380,130.4344612,130.4344612,1
6604,9868,105.5344564,710.7540226,3
6608,9054,278.0488225,1058.856245,4
6609,9276,52.74128594,52.74128594,1
6611,15532,896.5384032,939.9236922,2
6613,12063,0.0,0.0,1
6616,15832,0.0,642.9771402000001,4
6626,1030,328.53200130000005,609.7526516,2
6637,13191,0.0,862.532498,3
6640,1019,0.0,0.0,1
6644,2083,17.65883256,944.5200371,2
6675,9182,119.3288763,921.7135678,3
6686,243,0.0,115.8481956,2
6688,542,84.44504595,853.7550182,7
6701,5391,51.95360423,710.7513341,4
6703,4218,0.0,0.0,1
6706,5589,0.0,1549.369158,24
6708,12089,0.0,410.6958515,2
6716,5298,554.1424724,1218.1739630000002,4
6718,12330,483.65479419999997,483.65479419999997,1
6723,7877,307.30050710000006,499.4132744,4
6726,1444,0.0,885.3435274,7
6728,16953,337.5420968,1607.573177,6
6736,14771,540.7400043,1350.058096,10
6755,4693,0.0,0.0,1
6759,7329,1.107514393,1.107514393,1
6773,11119,259.11217949999997,259.11217949999997,1
6775,349,140.2860656,506.4193874,2
6784,6603,231.9035594,264.01502569999997,2
6792,391,268.9714474,657.3510442,6
6794,9377,0.0,0.0,2
6820,2259,232.8132786,874.2896483,6
6831,7832,682.7664778,682.7664778,1
6834,813,54.89395221,54.89395221,1
6838,5742,41.23521468,975.5416951,9
6839,7288,0.0,314.0520042,2
6855,3590,471.30172689999995,622.8310404,4
6870,9893,15.40590187,343.52827310000004,3
6873,9987,524.6657644,850.4256793999999,3
6894,1890,121.9640977,764.3197144,4
6898,597,478.1146178999999,478.1146178999999,1
6900,41,43.55783689,43.55783689,1
6905,35,0.0,0.0,1
6907,3487,246.1756739,1687.778843,12
6908,1031,291.0902059,1171.318104,8
6912,1058,127.2443711,419.6181995,4
6914,368,0.0,118.62385259999998,3
6927,1264,0.0,637.1464704,3
6929,4549,177.21901469999997,177.21901469999997,1
6933,142,0.0,213.53628319999999,3
6934,9409,235.2357037,1844.623459,8
6935,1857,88.28187598,88.28187598,1
6956,17146,546.4805869,937.8886511,4
6957,103,0.0,587.3065405,3
6979,305,0.0,0.0,1
6982,498,113.43901129999999,360.2904823,2
6985,9945,0.0,827.6241326,5
7000,51,155.9583638,155.9583638,1
7007,12029,0.0,1911.2723050000002,19
7009,9564,419.4206889,419.4206889,1
7012,78,0.0,0.0,1
7016,319,0.0,116.7551558,2
7017,434,0.0,0.0,1
7019,12105,0.0,0.0,1
7023,3237,87.48817014,373.8970476,2
7042,1935,968.0089806,1122.0586369999999,3
7046,2413,0.0,0.0,1
7053,92,0.0,786.0856882,14
7054,12728,18.46007224,581.8406100999999,2
7075,1048,52.1182564,490.4569476,2
7085,228,237.114477,381.4032242,2
7088,7246,0.0,69.75306421,2
7090,4212,125.727884,255.0894038,2
7102,12113,0.0,0.0,1
7111,7620,151.2873528,151.2873528,1
7124,13493,147.99890190000002,147.99890190000002,1
7137,9770,0.0,246.1478,2
7139,11454,375.73087680000003,889.0770353,2
7151,4213,60.89739289,384.8952597,2
7160,138,29.72972201,29.72972201,1
7169,4149,200.667682,938.9001073999999,2
7179,5122,25.82502911,25.82502911,1
7206,9240,0.0,1012.821715,7
7223,257,126.3663827,126.3663827,1
7226,12004,0.0,977.7673786,5
7233,12690,128.5199073,128.5199073,1
7234,2183,0.0,1078.8383880000001,6
7239,9684,0.0,2182.993255,16
7241,18184,0.0,0.0,1
7243,13340,85.67032689,1554.444846,12
7244,5935,84.89306143,1311.840391,8
7245,11494,282.20435539999994,746.2560154,2
7246,1056,303.80924930000003,638.130939,4
7252,12152,265.9051341,265.9051341,1
7253,3378,136.8060524,136.8060524,1
7263,659,62.094311100000006,283.2245494,3
7273,8489,349.2400012,518.8398132,3
7300,14715,0.0,1106.065806,13
7301,13652,0.0,1647.548267,10
7308,3074,924.7911740000001,924.7911740000001,1
7316,84,358.0440134,586.7962365000001,2
7339,8615,450.72071919999996,800.5364915,2
7341,164,0.0,189.7986236,2
7350,7699,0.0,863.2736152999998,3
7358,12106,140.3724023,351.9738048,2
7363,657,114.7074406,486.7901055,3
7371,1691,0.0,1001.8799529999999,10
7397,6662,64.5158387,64.5158387,1
7405,9771,662.8791673,662.8791673,1
7408,802,301.24330960000003,301.24330960000003,1
7412,13946,215.149594,2080.7538670000004,11
7416,13950,67.82226783,550.0948465,5
7442,301,131.1599738,131.1599738,1
7454,14787,0.0,0.0,1
7459,13250,239.0185321,845.0684854,7
7476,3232,78.45058096,258.9279075,2
7477,102,181.7462467,181.7462467,1
7496,7411,26.23654927,1271.520362,5
7517,11133,250.6752568,503.4480796,3
7525,11377,60.40736036,182.4118201,2
7537,15792,321.46106460000004,1488.652678,12
7538,428,80.40750112,80.40750112,1
7550,12038,0.0,1619.0123119999998,20
7560,1784,0.0,714.9745996,7
7561,17206,95.12992388,947.9104841,5
7562,15172,125.9433115,125.9433115,1
7576,4741,235.71240980000002,312.303669,2
7604,499,166.6022387,166.6022387,1
7606,15506,2374.1209879999997,2374.1209879999997,1
7608,10378,38.40428576,577.5603067000001,2
7616,16459,0.0,303.9848489,5
7627,9273,163.94184280000002,163.94184280000002,1
7629,5936,177.08822130000001,488.48975199999995,2
7632,13944,548.2754966,1977.882307,5
7666,247,104.62357659999999,238.81551749999997,2
7669,2022,17.88307385,17.88307385,1
7672,1445,729.8022404,729.8022404,1
7681,2616,0.0,688.4126937999999,7
7687,336,186.11362169999998,186.11362169999998,1
7688,2512,0.0,0.0,1
7689,11933,188.77330619999998,188.77330619999998,1
7695,7257,0.0,347.55353210000004,4
7698,14435,683.7665095,683.7665095,1
7702,81,0.0,394.06018839999996,4
7709,4556,0.0,118.70355659999998,2
7728,18080,129.8919297,1300.61207,7
7729,16387,0.0,450.9886961,3
7737,6649,0.0,2617.337634,8
7749,1023,0.0,201.7463893,5
7759,18143,313.5922966,726.4099932999999,4
7761,2254,321.83541660000003,909.5790454,3
7769,314,0.0,0.0,1
7796,7945,83.19755745,1629.357104,10
7803,1595,0.0,0.0,1
7822,14039,583.2462955,742.3430788,2
7828,15971,139.8262614,1046.9680779999999,9
7843,6016,438.9417504,438.9417504,1
7845,1767,427.742825,427.742825,1
7848,629,230.6259954,412.38320539999995,3
7853,6386,0.0,241.50560240000001,4
7854,5076,0.0,506.8579989,5
7858,13421,77.99673488,1512.218277,24
7875,5487,0.0,541.5328445,3
7886,517,0.0,0.0,1
7891,1919,227.6922965,1120.376176,4
7903,788,0.0,0.0,1
7905,5954,111.5514656,580.1206707,3
7909,6655,411.60670350000004,411.60670350000004,1
7914,582,102.2647019,267.5395127,2
7927,11928,233.41232689999998,1790.451218,4
7928,2292,148.24044990000002,148.24044990000002,1
7933,14633,0.0,558.4164346,6
7937,6767,318.16389439999995,1087.5860619999999,5
7940,10426,101.27532049999999,397.1954461,2
7955,258,105.97057779999999,105.97057779999999,1
7961,6963,732.0608151,732.0608151,1
7968,6314,0.0,649.7962106000001,11
7995,8647,0.0,1801.223944,11
8002,15,0.0,1064.0350449999999,9
8003,9817,343.7556527,343.7556527,1
8006,396,0.0,0.0,1
8010,5297,668.3786564,728.3797466,2
8021,2476,241.5510045,1060.25441,8
8025,6937,497.5672187,854.3839752999999,5
8030,1892,89.49875126,1787.908456,8
8033,13872,289.34737010000003,289.34737010000003,1
8040,2177,302.18554989999996,302.18554989999996,1
8046,7899,50.10195747,650.2632647,4
8051,11597,463.4729192,463.4729192,1
8052,8437,49.15611674,433.4663028,5
8072,60,0.0,539.9666384999999,4
8075,3235,0.0,0.0,1
8077,13457,314.6285093,932.5566591,2
8080,8302,0.0,921.8694882000001,4
8100,1443,185.0124137,504.33895020000006,2
8104,14593,298.9300034,298.9300034,1
8108,6698,126.79185829999999,548.5717426,4
8123,7294,568.0259657,652.3970297000001,2
8124,14773,0.0,35.54869035,2
8160,2173,165.0369571,165.0369571,1
8166,291,61.07749278,61.07749278,1
8176,15784,0.0,0.0,1
8179,7286,0.0,0.0,1
8189,65,0.0,0.0,1
8192,17193,157.1030112,157.1030112,1
8194,12718,22.19437227,442.1541575,3
8203,11336,0.0,1833.3208809999999,11
8204,4227,89.60081352,216.77218430000002,2
8213,3864,171.0109091,171.0109091,1
8216,6045,66.38437069,734.7259111000001,4
8218,6498,362.56763870000003,431.9482881,2
8230,1390,0.0,543.4144827,4
8238,13071,199.45008190000001,287.32600460000003,3
8240,17650,51.7843823,1309.056933,7
8245,5592,180.124968,1334.614288,12
8246,6309,138.4606026,138.4606026,1
8254,10918,132.6410683,923.5777013000001,6
8258,54,0.0,0.0,1
8266,7300,0.0,1374.6932279999999,18
8273,9939,24.99190262,1343.094482,10
8277,15494,113.6939543,159.23275280000001,2
8302,26,150.5558268,561.5749182,3
8313,12319,192.4073938,2135.284116,18
8316,6766,0.0,0.0,1
8317,10102,0.0,401.43633769999997,3
8338,14839,859.555138,1918.8756460000002,2
8345,13437,33.28112831,710.4445914,3
8347,4228,0.0,617.9953799,6
8349,3975,377.7674849,377.7674849,1
8357,6115,38.03216446,927.8206338,2
8360,15560,0.0,0.0,1
8362,395,12.60911346,12.60911346,1
8374,1920,43.85199103,43.85199103,1
8377,6341,158.0510791,344.7574232,3
8379,7875,96.4221271,312.60868089999997,5
8381,11956,0.0,0.0,1
8387,10860,145.19325569999998,684.1452875,3
8397,1378,564.8201062,564.8201062,1
8406,4987,107.7399902,107.7399902,1
8419,14830,0.0,1784.078924,23
8438,15785,65.18588894,376.9359776,2
8445,12842,0.0,0.0,1
8468,5037,223.3616293,498.5004529,2
8483,18866,0.0,375.43836569999996,3
8487,10978,0.0,0.0,1
8492,2510,43.73417434,43.73417434,1
8494,455,203.85066980000002,203.85066980000002,1
8501,8694,241.4604096,648.9646328,5
8504,8006,416.6835135,992.4421593000001,4
8508,5033,291.1583393,1142.830229,10
8516,17570,0.0,1674.571425,24
8521,1069,0.0,0.0,1
8534,52,0.0,199.9766438,2
8535,442,0.0,181.999435,2
8539,8521,0.0,763.7691414,8
8540,6951,128.8003651,301.216095,4
8548,15547,362.3031972,523.9124906999999,2
8549,6433,272.1501649,745.4869327,2
8554,7332,159.6356288,1533.63826,9
8594,495,0.0,0.0,1
8616,5133,0.0,315.8786302,5
8626,1734,0.0,37.00600373,2
8629,5960,267.0532591,1569.827116,4
8642,6393,405.1846799,1084.8779769999999,3
8657,18499,340.89283430000006,1219.8907869999998,4
8661,1399,186.4118808,906.8402524,6
8685,10298,0.0,47.22254292,2
8695,12337,137.22605780000004,362.58072480000004,2
8697,233,129.43285649999999,1133.592623,6
8701,7249,90.23395262,90.23395262,1
8716,351,0.0,0.0,1
8718,10797,0.0,1257.64962,9
8737,3360,0.0,0.0,1
8760,14594,639.1272594999999,639.1272594999999,1
8761,9281,820.0186456,990.1354874,3
8776,15562,292.3504155,806.7384481,5
8779,14766,7.225756487999999,1111.5782470000001,12
8780,1288,0.0,203.4089605,2
8782,509,298.7334979,298.7334979,1
8792,8610,0.0,1248.3288189999998,6
8811,3411,48.30265321,811.4835835,3
8819,7508,0.0,687.1399703,4
8821,757,198.69782450000002,270.3425693,2
8823,12731,0.0,419.6488638,2
8826,5040,613.1054079,613.1054079,1
8830,581,194.5168233,348.6715522,3
8831,10929,586.1984897000001,586.1984897000001,1
8834,4927,0.0,1104.603504,5
8836,4570,913.4887694,913.4887694,1
8863,11512,320.1169084,1285.0927960000001,3
8867,3262,163.2530717,552.6003125,6
8873,5480,83.71359843,83.71359843,1
8875,3236,75.61993935,75.61993935,1
8888,9632,245.78157480000002,245.78157480000002,1
8901,15461,170.2955004,170.2955004,1
8909,397,0.0,0.0,1
8918,8700,180.5513312,859.3886380000001,8
8919,10925,0.0,1131.736776,10
8927,13488,329.4185063,329.4185063,1
8934,11506,0.0,923.8350017999999,5
8971,7292,0.0,0.0,1
8978,9554,112.8039163,1291.2065949999999,5
8983,6084,5.629244016,296.2734393,2
8996,1357,26.71265101,479.8119285,3
9004,12572,690.3789045,690.3789045,1
9011,9460,338.6447902,338.6447902,1
9035,14106,208.8457697,787.7681618,3
9043,11408,0.0,990.9541761,5
9047,4689,247.5074124,950.1512436,6
9089,5940,616.0828594,616.0828594,1
9090,10826,55.13042404,1265.442149,13
9092,2165,4.2570548960000005,116.4828206,2
9104,13662,0.0,1482.761299,7
9111,6031,229.440864,780.2035440000001,9
9137,8589,891.4616081,1665.709409,4
9143,1012,90.15757217,363.8216866,2
9146,11548,167.31240630000002,167.31240630000002,1
9149,17825,0.0,1615.371037,12
9152,5750,212.1130934,212.1130934,1
9153,13874,138.78660559999997,138.78660559999997,1
9174,15945,693.6838037,1958.856895,12
9175,12629,0.0,2415.619066,24
9192,10827,34.24592641,1189.926978,5
9197,10913,992.2991701999999,992.2991701999999,1
9231,12018,488.3526666,488.3526666,1
9267,12184,545.3856472,604.9564617000001,2
9298,2617,622.7000548999999,622.7000548999999,1
9301,4400,0.0,688.7639806,4
9302,58,561.5223913,561.5223913,1
9313,17693,382.5818207,382.5818207,1
9319,15359,0.0,1063.473489,16
9320,454,244.53357180000003,244.53357180000003,1
9349,5307,100.3348733,100.3348733,1
9357,6632,98.59806025,209.162098,2
9364,2790,571.6504166,1125.24102,2
9370,9344,200.220341,260.23487969999996,2
9372,17159,541.2578326,1655.122999,4
9385,16034,306.7321678,684.2854646000001,4
9390,6020,0.0,739.5241990000001,5
9392,15954,0.0,1172.080846,6
9401,15533,201.2561211,201.2561211,1
9426,9051,0.0,1934.9537699999998,35
9435,12001,216.9919932,236.3039109,2
9448,6381,622.9276961,622.9276961,1
9457,4390,207.9538905,569.6269208,3
9464,16032,486.07402970000004,735.7375289,4
9483,4590,877.4176107000001,877.4176107000001,1
9491,19375,1101.0142560000002,1101.0142560000002,1
9498,133,175.0639628,192.9508655,2
9506,12396,313.1610005,734.3459627000001,2
9512,3897,482.06524529999996,685.019427,3
9519,11118,180.93330580000003,904.5316516,7
9552,12002,0.0,890.5798882000001,4
9571,18180,147.4716157,147.4716157,1
9614,6692,0.0,487.5011296,5
9624,9631,305.5950602,305.5950602,1
9628,3733,461.0311647,461.0311647,1
9630,12686,0.0,1482.576515,15
9633,10280,175.30076330000003,2159.945914,7
9648,6292,0.0,439.7282085,3
9698,14780,434.35870819999997,1342.02524,4
9708,9453,101.7416962,953.1412174000001,5
9718,12104,103.7309923,609.1466735,6
9731,129,0.0,14.69184906,2
9750,17569,36.28691023,1041.2993800000002,5
9754,7932,0.0,833.6774886,2
9756,748,97.68685045,421.3539187,2
9758,19377,157.4623896,893.2628284,9
9775,4293,0.0,720.7443015,10
9777,11153,195.0150288,195.0150288,1
9779,11355,205.3158438,381.1648012,2
9790,13131,0.0,146.7703927,2
9797,3618,178.174502,178.174502,1
9811,14740,136.07379780000002,2946.203632,40
9813,7448,250.33112999999997,955.238033,7
9832,10276,337.0459745,337.0459745,1
9838,15487,123.73720719999999,370.67575469999997,2
9849,12501,276.89115489999995,513.9294947,2
9856,15173,299.9556672,299.9556672,1
9859,12691,126.6936521,1667.409897,3
9873,10807,725.3516202000001,725.3516202000001,1
9874,2408,538.7605446,538.7605446,1
9884,2817,0.0,284.283979,2
9891,2828,0.0,606.7802740000001,9
9897,16428,0.0,446.09224639999996,5
9904,424,0.0,40.57740145,2
9913,9624,459.8578055,1112.266916,3
9915,2611,331.04423660000003,331.04423660000003,1
9936,7510,76.14306668,985.9832539999999,5
9937,15887,14.75410944,951.9125005000001,6
9942,5068,264.4135698,264.4135698,1
9944,1004,100.97105859999999,511.0174327,5
9947,2303,531.2272183,790.5527907000001,2
9950,1402,663.4036938999999,663.4036938999999,1
9953,13375,0.0,0.0,1
9972,4145,188.5592426,775.744007,2
9974,10002,219.43313480000003,796.4731221,5
9978,4464,136.76294740000003,995.7825587000001,3
9979,11375,119.4354928,716.8888218999999,6
9980,11603,0.0,1828.9397219999998,14
9983,898,141.9442329,396.5465164,3
9992,111,285.93933589999995,285.93933589999995,1
9998,6670,420.20062530000007,588.4180622,2
10026,1423,253.0932176,253.0932176,1
10046,1036,173.45550480000003,824.1980257,6
10063,1755,163.813739,498.049191,6
10064,15819,112.30018000000001,725.6475462999999,2
10066,3537,336.0755126,626.9705518999999,4
10068,2509,335.2779665,878.414504,2
10088,2162,112.4077602,251.6157773,2
10101,15329,0.0,1161.655601,9
10107,17116,113.3592608,2047.0347129999998,9
10131,1422,42.09810453,478.7221427,2
10137,11959,0.0,0.0,1
10139,936,0.0,0.0,1
10148,7591,66.79282724,137.6682469,2
10156,2363,302.15763819999995,1023.484765,4
10175,10176,668.7243817000001,1214.2268589999999,2
10195,11115,588.6473890999999,1243.339191,5
10198,817,133.23151409999997,133.23151409999997,1
10250,2247,47.59386099,1916.585605,29
10259,9853,803.8245392000001,893.4373396999999,2
10300,12020,335.66755750000004,335.66755750000004,1
10306,9310,0.0,0.0,1
10319,4554,40.72327674,909.6849422,7
10320,5,587.5633646000001,587.5633646000001,1
10324,11950,72.1238205,280.9580562,2
10337,17653,83.41869592,359.75187139999997,2
10340,1732,311.0818014,774.1500032,2
10344,15317,174.8996643,968.4133586000002,3
10346,1328,0.0,775.0778275,7
10353,3858,0.0,251.24018680000003,4
10362,8285,132.8162867,1022.1630769999999,11
10364,899,26.45193731,690.1300127000001,5
10365,6627,359.8195182,359.8195182,1
10366,346,0.0,0.0,1
10370,12143,337.22865299999995,337.5677457,2
10377,15474,189.0966422,189.0966422,1
10386,2297,78.1333921,78.1333921,1
10387,663,61.37924626,271.7920982,2
10389,17834,0.0,2053.0618489999997,10
10390,14778,290.4794,1016.001265,5
10400,15491,0.0,116.02840859999999,2
10408,17092,235.04090219999998,1936.6458329999998,21
10414,595,63.40681473,129.921029,2
10418,3520,190.0389685,190.0389685,1
10424,9815,25.87014364,629.2245912999999,4
10436,11,277.80355019999996,671.0262971,3
10438,269,158.81440959999998,697.9701352000001,4
10445,15429,0.0,553.9532829,2
10447,2082,0.0,1179.128775,8
10453,83,252.12263080000002,252.12263080000002,1
10462,18868,318.37919489999996,1360.146164,6
10470,15974,361.42084730000005,490.1864223,2
10479,13384,10.43589757,1517.084071,8
10482,5461,184.71458710000002,550.6618639999999,5
10496,1456,0.0,605.5756233,6
10504,9813,67.77173943,67.77173943,1
10509,2970,0.0,717.2713197,6
10516,47,0.0,397.30994419999996,4
10519,15434,556.4260979,650.22606,2
10530,660,314.3876307,314.3876307,1
10540,14655,208.8699622,1126.875595,10
10541,4976,663.9642367,663.9642367,1
10546,14652,655.2716674,2139.3145010000003,6
10551,1601,114.48091200000002,554.4710627999999,4
10560,1848,0.0,1193.479747,7
10562,457,0.0,100.6490301,2
10568,6942,0.0,410.14653169999997,6
10602,8678,383.7896526,555.4371509,3
10607,14478,0.0,622.4092228,4
10608,2583,37.32004209,793.1552793999999,4
10609,306,0.0,789.3570047000001,3
10619,5950,691.7353741000001,691.7353741000001,1
10629,17158,320.820857,372.5631187,2
10651,6622,25.649859,568.6866327,4
10655,10967,726.5302309,726.5302309,1
10662,12088,6.887180319,905.2921482,5
10673,1635,23.79290307,23.79290307,1
10701,1304,79.47749313,382.15575739999997,4
10704,479,144.8640425,465.7482465,2
10707,7970,274.1990305,1034.0837119999999,6
10713,452,370.46052589999994,370.46052589999994,1
10724,13589,0.0,0.0,1
10726,17186,306.4857517,611.4901133,2
10736,15976,7.555039672,247.1545781,2
10743,11012,83.91816372,437.35469079999996,2
10744,5469,56.50205365,888.3844088,9
10764,5482,64.31374489,64.31374489,1
10771,4466,0.0,97.20062007,2
10773,9816,196.4486862,196.4486862,1
10776,2194,48.9086841,83.00382976,2
10777,63,0.0,0.0,1
10796,57,151.9212761,151.9212761,1
10800,9872,288.6942691,288.6942691,1
10808,9434,0.0,1152.38296,11
10817,6435,0.0,425.7867983,4
10818,7330,123.3830582,1146.63905,10
10824,9373,72.65819558,1707.7622030000002,17
10827,4209,0.0,315.28225299999997,3
10844,2186,400.2870578,893.1788368999999,3
10847,11537,742.8598799,742.8598799,1
10864,1879,250.7292914,1265.3175410000001,10
10868,664,0.0,210.15832200000003,3
10894,13249,27.33716399,692.9408672000001,6
10898,503,58.12314144,58.12314144,1
10909,6440,0.0,0.0,1
10937,18453,677.1655991,677.1655991,1
10946,4486,88.62403392,125.1159788,2
11009,200,351.6663838,351.6663838,1
11012,9486,0.0,1400.396522,12
11013,931,0.0,198.7188937,3
11022,7881,516.4111125,1185.022368,5
11030,14971,544.8096401,1766.209666,12
11037,1868,47.98990743,892.9499175000001,2
11039,5303,22.9246258,22.9246258,1
11059,16389,0.0,502.9420241,2
11061,10647,439.29612360000004,1484.689833,9
11065,15372,0.0,467.0519433,4
11068,331,63.00600406,63.00600406,1
11079,10856,0.0,1882.272906,11
11080,12302,66.30264158,1875.715841,9
11118,3205,303.404716,303.404716,1
11119,3849,29.66767545,29.66767545,1
11120,406,234.6964252,1070.524334,10
11127,5602,255.1369827,255.1369827,1
11132,9562,497.6364426,622.4271516,3
11134,128,121.2902193,195.913649,2
11146,14974,253.19325010000003,590.9978392999999,3
11151,12627,0.0,0.0,1
11158,1820,28.105393499999998,28.105393499999998,1
11187,11450,27.02432886,1229.893076,11
11188,1091,0.0,438.58797689999994,4
11190,7140,31.55972273,942.4944854,3
11194,2160,768.5992946,975.6142083999999,2
11197,9558,0.0,588.4134981000001,3
11224,3493,162.03538909999997,1104.9772269999999,6
11242,6315,120.4644297,469.82934079999995,2
11263,975,38.93032669,147.5546405,2
11267,14091,39.14294084,1348.667431,7
11268,13406,339.37595600000003,1621.186246,4
11278,17691,132.0884197,132.0884197,1
11291,6730,797.7105392999999,797.7105392999999,1
11292,8201,0.0,1689.142093,18
11298,6834,408.59004839999994,1828.200091,14
11299,4424,162.9773625,650.4658972999999,2
11305,14717,229.3877724,678.8175347,4
11312,3435,0.0,1736.184312,25
11314,15740,139.1063302,1636.022408,7
11322,2178,420.98303839999994,420.98303839999994,1
11333,4143,159.7465967,159.7465967,1
11338,4425,341.1734441,341.1734441,1
11357,5337,157.60793180000002,773.6799847,3
11359,3245,0.0,0.0,1
11361,7589,355.08732960000003,355.08732960000003,1
11368,15902,63.34122599,598.9871807999999,2
11379,11496,222.24670930000002,222.24670930000002,1
11391,6388,161.3860428,161.3860428,1
11396,5761,0.0,0.0,1
11412,10635,643.3433286000001,1410.115825,4
11415,6918,311.043431,704.1754132,3
11418,10300,0.0,181.39591130000002,3
11421,1006,0.0,702.6911329,2
11424,13496,60.80523621,687.2051583,4
11434,2958,915.9899167000001,1358.386805,2
11461,11023,435.3123055,1093.1365130000001,3
11482,17687,521.1971327,521.1971327,1
11496,2831,96.46844313,420.535076,3
11514,487,0.0,448.09842860000003,6
11519,15500,65.48115093,1793.08715,10
11524,5672,0.0,564.5393224999999,7
11536,6630,130.3889564,444.65993810000003,3
11549,1679,65.28368284,499.52588719999994,6
11553,8955,0.0,360.5555525,2
11556,1256,0.0,421.8129676,2
11558,10299,288.0695243,288.0695243,1
11559,3843,51.76751034,387.10990630000003,2
11562,18046,304.70953330000003,1284.139694,8
11564,458,350.46998560000003,350.46998560000003,1
11573,198,203.4985606,203.4985606,1
11578,493,0.0,327.2458204,3
11590,8612,537.0040240000001,537.0040240000001,1
11591,2841,26.10904894,423.0210237,4
11594,9579,0.0,982.3499138000001,6
11595,518,547.9791573,547.9791573,1
11609,1474,25.40997898,25.40997898,1
11616,11554,598.7019796,598.7019796,1
11635,13402,169.36675669999997,842.2463706,4
11666,4239,571.1575282000001,571.1575282000001,1
11672,244,0.0,282.3984494,2
11675,12186,253.31633399999998,701.8193251,6
11685,1301,0.0,0.0,1
11689,7404,0.0,628.7762759999999,4
11708,15424,0.0,2043.5243719999999,16
11712,9866,310.1023301,310.1023301,1
11716,6369,0.0,449.59847300000007,2
11718,991,367.3814183,367.3814183,1
11742,6441,55.90430231,471.6703036,5
11748,3746,0.0,1523.334226,17
11761,5026,443.8866073,443.8866073,1
11762,3238,16.26084221,16.26084221,1
11768,4388,123.8007693,668.7285692,2
11771,513,143.78528889999998,143.78528889999998,1
11774,256,171.3608754,515.7434347,2
11783,366,107.17351699999999,450.9921806,4
11788,3862,89.53910526,468.68449929999997,3
11795,12910,50.00230291,50.00230291,1
11800,12069,160.4390148,355.6063779,3
11812,8529,0.0,746.7380429,16
11843,6695,110.9896679,585.2220226,2
11853,3366,141.5098131,484.0425442,4
11871,17037,505.5622772,505.5622772,1
11875,7310,159.3507042,159.3507042,1
11886,1312,0.0,35.32718204,2
11899,18139,0.0,326.7098012,2
11905,1736,0.0,654.0888831,2
11913,709,449.7997841,449.7997841,1
11926,2018,257.8544618,899.7930423,5
11931,13871,0.0,404.15403050000003,3
11954,1992,0.0,324.50396739999996,4
11960,12837,156.85322480000002,156.85322480000002,1
11976,10877,0.0,1561.2455730000001,12
11996,3268,0.0,284.55479069999996,2
12003,9766,0.0,809.8276556,5
12010,7328,386.7241996,386.7241996,1
12011,6667,63.62203855,1071.602196,9
12016,13190,0.0,665.9854219,4
12033,651,0.0,60.69818687,2
12034,5302,416.8169589,416.8169589,1
12039,4479,92.27740385,829.0117374,5
12054,13510,73.69322068,680.117837,3
12056,12714,1001.0699470000001,1001.0699470000001,1
12063,201,165.3496505,165.3496505,1
12067,2409,383.23145639999996,383.23145639999996,1
12068,15737,72.32521918,1277.2320140000002,4
12076,17101,101.63410490000001,442.8442619,2
12090,6272,70.9833458,70.9833458,1
12095,1733,588.7519387,588.7519387,1
12105,3557,331.82111139999995,661.4786797999999,5
12114,13153,7.482897396,1507.830805,14
12126,3450,0.0,728.7264535,5
12139,14784,253.74198969999998,678.1406654,3
12149,15256,244.27499440000003,412.81935110000006,2
12176,998,645.9829574,645.9829574,1
12185,15343,284.9299954,1011.2302869999999,9
12203,12586,0.0,510.9206642,4
12208,1277,87.94539028,389.4934397,3
12210,15786,356.9126876,1338.38276,3
12215,1785,0.0,359.34013460000006,5
12220,7266,292.7957637,471.87643449999996,2
12226,2291,369.3604591,1386.559281,4
12228,3937,127.23037140000001,724.6950496000001,4
12238,7265,54.02836949,54.02836949,1
12242,1672,0.0,1248.0514679999999,8
12248,15904,0.0,702.0088804,4
12264,12084,860.6899641000001,860.6899641000001,1
12267,13506,270.665915,270.665915,1
12277,423,59.79920364,581.8768623999999,3
12278,10421,0.0,0.0,1
12281,1269,0.0,0.0,1
12288,232,0.0,0.0,1
12298,6626,303.89208039999994,303.89208039999994,1
12303,17135,29.30357038,29.30357038,1
12309,12700,517.8102481999999,1243.3823220000002,3
12322,4150,0.0,0.0,1
12348,3368,161.1683045,929.2321193,5
12371,2827,28.65380818,566.3476368,2
12373,45,0.0,0.0,1
12389,6982,0.0,1338.024621,17
12392,15899,423.8718756,731.81323,4
12397,927,158.6656164,551.9665458,4
12399,519,48.40275553,48.40275553,1
12426,8374,203.82397859999998,1066.940379,17
12428,983,0.0,585.2096978999999,6
12430,1020,35.02415466,35.02415466,1
12431,11086,905.1248432,905.1248432,1
12451,15430,490.53738339999995,490.53738339999995,1
12453,343,59.43210006,522.2246468999999,5
12474,7110,79.17554654,79.17554654,1
12475,11130,272.6351111,798.5762317000001,4
12485,10824,27.05447366,760.5897154,22
12493,5483,0.0,0.0,1
12495,168,310.6081914,442.5663466,2
12506,9865,422.1671268999999,705.7793409,2
12516,36,111.00601699999999,111.00601699999999,1
12524,14642,967.999283,967.999283,1
12559,5389,69.86880823,69.86880823,1
12582,1861,27.44180152,1364.505035,9
12588,1670,0.0,1011.469835,5
12599,1633,690.8026897000001,948.1729664,2
12613,2230,237.187248,2388.5381989999996,10
12616,1090,128.7985159,128.7985159,1
12636,2261,83.50532822,1048.986649,7
12645,11924,380.7956411,452.4930903,2
12647,18140,511.7924779,612.4702607,2
12648,15486,143.1013369,143.1013369,1
12652,596,0.0,0.0,1
12656,7277,0.0,871.2928053999999,5
12657,708,0.0,293.12206089999995,3
12673,13281,396.2090624,1882.132338,11
12677,2176,42.94030697,556.1515329,3
12696,1011,107.9883737,107.9883737,1
12714,1780,105.12665530000001,105.12665530000001,1
12726,15169,345.48042369999996,441.1705005,2
12733,6506,499.6717148,499.6717148,1
12758,7122,250.63485690000002,250.63485690000002,1
12767,12334,54.20945189,720.1262957,2
12785,17020,72.71767153,973.4392477,6
12787,5478,131.5373721,131.5373721,1
12816,12612,0.0,722.8954847,14
12820,34,365.32054589999996,365.32054589999996,1
12832,262,0.0,402.1001282,5
12835,13869,0.0,0.0,1
12840,3614,224.58768089999998,408.4868439,2
12842,4419,90.82352592,90.82352592,1
12844,1802,570.159269,765.5821981,4
12849,16030,305.8936168,611.8007821,3
12851,13486,82.57759914,82.57759914,1
12855,11349,0.0,1383.811454,5
12879,5064,383.5455827,411.56788430000006,2
12890,7941,224.1291171,278.0008329,2
12897,9555,385.5307064,995.5978402999999,3
12908,6088,9.02562657,1342.912809,7
12912,8618,956.6004365,1145.717513,2
12924,5379,185.27479019999998,185.27479019999998,1
12943,1255,190.8417116,192.29096769999998,2
12950,8887,0.0,879.4355219,18
12952,15459,540.4063914,764.6343897,2
12961,7587,731.1395062000001,1313.7461560000002,3
12967,13868,33.55994099,33.55994099,1
12972,8868,288.87116299999997,787.5263381,2
12975,2968,199.5922085,622.6596552999999,2
13005,11044,469.4056806,1402.3023,2
13015,11559,684.9657902,791.2796198,2
13027,5260,26.65184907,26.65184907,1
13034,15451,180.87321830000002,400.4388694,2
13037,5333,21.76713662,21.76713662,1
13039,1394,116.4289095,1154.87536,3
13040,9150,117.5899584,117.5899584,1
13045,10974,0.0,479.01882209999997,3
13049,1305,0.0,256.1803965,4
13054,9626,443.6350916999999,443.6350916999999,1
13056,15830,294.1400636,396.52646560000005,3
13058,106,170.07978669999997,201.7332727,2
13092,9559,34.79541958,325.4171433,3
13107,803,269.5476367,269.5476367,1
13111,14107,166.8451444,1037.349389,7
13116,73,63.35314095,63.35314095,1
13120,4412,87.48813923,87.48813923,1
13133,4459,0.0,281.92678010000003,3
13136,17024,168.874584,1823.041768,17
13139,320,379.89433030000004,379.89433030000004,1
13141,5073,0.0,0.0,1
13149,2201,821.7525665000001,821.7525665000001,1
13154,363,445.79418269999996,527.8701079,2
13157,4154,98.99833636,1810.4149710000002,19
13164,6940,85.26029009999999,690.8809994,3
13169,11358,701.2964565000001,701.2964565000001,1
13174,7019,109.5904644,769.7599012000001,4
13194,13492,0.0,280.8442358,3
13214,11507,80.02355071,154.98624099999998,2
13250,9581,0.0,1115.165021,9
13257,467,280.61460710000006,452.02090660000005,2
13260,12151,441.72918530000004,988.8500693,5
13264,5459,1.161436643,1.161436643,1
13275,816,340.6278978,340.6278978,1
13279,2953,55.90735722,595.2266581,11
13295,9033,0.0,1749.1006120000002,30
13299,3519,0.0,0.0,1
13308,10458,295.9602443,295.9602443,1
13314,7902,121.5874615,488.09849410000004,2
13337,16447,291.7538307,565.0443783,2
13346,1417,0.0,517.4134033,2
13356,9557,0.0,361.73697830000003,2
13369,12096,92.73051321,1274.788246,6
13371,6673,54.34023924,920.9276146999999,6
13385,11585,409.70385600000003,726.6791784,2
13389,1598,364.4825795,1076.360404,4
13393,2300,499.4572898,499.4572898,1
13397,12131,270.30977939999997,270.30977939999997,1
13405,5410,155.0703229,155.0703229,1
13424,3844,173.6668417,374.3681789,2
13431,12298,304.1414557,304.1414557,1
13433,749,77.9334441,760.3590101,4
13464,1068,159.350254,696.03822,2
13473,9875,32.01267259,32.01267259,1
13479,1282,68.98167555,433.3894182,3
13480,11497,0.0,401.1038368,3
13486,15493,27.97255596,27.97255596,1
13488,5399,38.72657891,802.498245,3
13509,586,137.9355835,275.41563199999996,2
13513,13413,0.0,1492.853059,5
13526,3883,336.87894520000003,365.1916651,2
13546,15928,0.0,2214.897528,31
13547,8335,35.62505477,1476.722733,10
13548,4200,337.59139239999996,337.59139239999996,1
13562,15550,317.49819560000003,1720.753632,3
13565,6783,546.0525892,546.0525892,1
13576,15783,103.56475479999999,1204.769506,7
13584,7713,0.0,1187.5567119999998,9
13588,1376,0.0,1152.396548,7
13600,5797,262.2292121,262.2292121,1
13601,6764,213.3045003,1037.775702,10
13605,17599,15.16389554,1679.927923,19
13616,1921,500.1956187,1317.585442,4
13625,13454,817.5113541000001,817.5113541000001,1
13643,1076,404.7278897,404.7278897,1
13650,12873,0.0,0.0,1
13664,10027,0.0,1096.559774,6
13666,4236,34.59478399,781.2179504,3
13668,2420,163.657607,1185.723455,6
13688,7338,0.0,1387.8500800000002,7
13690,17151,104.3497934,512.2908361000001,4
13692,485,0.0,644.0045545,4
13693,5335,736.6284863,893.4799234999999,3
13707,7284,0.0,0.0,1
13719,12754,150.78967169999999,846.5839043,6
13721,8924,84.88365985,1471.600298,15
13728,12074,584.1824134,584.1824134,1
13748,5300,72.09228673,268.681081,3
13751,1061,174.23379350000002,452.61803489999994,4
13766,6291,447.7332765,688.5475432999999,2
13781,436,235.1524002,235.1524002,1
13786,15884,117.83570459999999,864.874162,3
13793,12109,47.61062151,714.4282390999999,6
