SEDSB,Topo WAT,SDRf mean,SDRf STD,SDRf best,SDRfp mean,SDRfp STD,SDRfp best,SDRff mean,SDRff STD,SDRff best
1,LO,-2.586569366,0.12512517,0.075654688,-1.004149482,0.056100104,0.366481529,-3.265749259,0.215814935,0.038968858
2,LO,-4.217277365,0.245747753,0.015008849,-0.857813563,0.100216943,0.429812291,-4.372493051,0.278351632,0.012944554
3,LO,-2.223675085,0.112349955,0.10857325,-0.839576814,0.058097815,0.433909022,-3.094225509,0.220026013,0.045886053
4,LO,-3.989249905,0.191054695,0.018981273,-2.188652007,0.061558101,0.113570436,-4.468430656,0.292508066,0.01206618
5,UL,-3.172142405,0.776768569,0.1717835,-0.498871255,0.25990963,0.846185809,-3.22517721,0.792661434,0.171641988
6,UL,-2.87740324,0.830248362,0.207295525,-3.884695645,0.384578907,0.033517868,-2.847471383,0.894312482,0.23607309
7,UL,-2.175330424,0.55909948,0.271671421,-4.055469467,0.237889537,0.023279311,-2.093902408,0.586922025,0.310368012
8,UL,-1.873992042,0.5077286,0.362403628,-0.97605673,0.100049326,0.437927072,-2.091639128,0.645345719,0.355420657
9,LO,-6.720119809,0.583219259,0.00138783,-1E-15,1E-15,0,-6.641726048,0.603891488,0.001529017
10,LO,-4.114602152,0.309177804,0.017712952,-3.486200305,0.221199659,0.034130767,-4.181709721,0.332703853,0.016721667
11,LO,-3.654608144,0.174476457,0.025758681,-0.794988846,0.072604548,0.454557053,-4.068795652,0.235669304,0.017022356
12,LO,-34.53877639,3.69667E-13,0,-1E-15,1E-15,0,-1E-15,1E-15,0
13,LO,-6.328805973,0.46559111,0.002011575,-1E-15,1E-15,0,-6.344129287,0.482489305,0.002012423
14,UL,-1.318478016,0.252538262,0.423959385,-0.721910471,0.068132467,0.545237181,-1.627874576,0.387529775,0.389695349
15,UL,-1.749148316,0.440507778,0.382109441,-0.38855508,0.06862624,0.752721749,-2.157304112,0.662307905,0.348340431
16,UL,-4.321188877,1.559188578,0.096848906,-10.19115584,0.910269006,9.55796E-05,-4.263957118,1.648397387,0.116082835
17,UL,-2.62778592,0.568207559,0.196328362,-2.407591019,0.157735244,0.109488532,-2.803103057,0.765306859,0.219983727
18,UL,-2.249065787,0.60237119,0.299430522,-0.155203751,0.047340864,0.92334227,-2.40645528,0.691544427,0.292001776
19,UL,-2.837075404,0.606963355,0.155053131,-6.963370736,0.066662151,0.001054266,-2.694583468,0.627638002,0.186377835
23,UL,-0.748504327,0.17117807,0.638276895,-0.444303771,0.065866924,0.712440753,-0.964036156,0.262602156,0.602849234
24,UL,-0.374330199,0.026607727,0.717383024,-0.376964073,0.026355127,0.715959534,-0.271148089,0.079874229,0.867431846
25,LO,-2.951625023,0.163333049,0.052623728,-0.868463468,0.067891956,0.422862987,-3.547501626,0.25847134,0.029342824
26,UL,-2.274328685,0.692715257,0.315760441,-2.119425423,0.057834147,0.132332488,-2.327208281,0.719225677,0.317013677
28,LO,-2.392290416,0.13288572,0.0924661,-0.861420652,0.066424444,0.427343048,-3.144754477,0.235764676,0.044170573
29,LO,-2.790152049,0.166695347,0.060637051,-0.669700115,0.06879879,0.510497905,-3.110508015,0.213634053,0.043943967
30,LO,-3.214811472,0.186279434,0.040877221,-1.815441026,0.084773596,0.166637049,-3.679415895,0.273952948,0.025924083
31,UL,-1.662945867,0.266353696,0.303556331,-1.322935312,0.06420205,0.29572601,-1.92574434,0.438642193,0.307115704
32,UL,-3.979673066,1.197839726,0.135509937,-1E-15,1E-15,1E-15,-4.063154968,1.232410394,0.135509937
33,LO,-2.16792753,0.133354044,0.113320987,-0.829263302,0.059691692,0.435622278,-2.554049552,0.184905228,0.07684237
34,LO,-0.924560345,0.075568664,0.398817906,-0.689652477,0.05482321,0.501548087,-1.668764739,0.205668154,0.198155174
35,UL,-2.022009731,0.365880449,0.256518635,-0.484420629,0.061184349,0.680398311,-2.287202472,0.471465664,0.23410832
36,UL,-4.867531369,2.340925397,0.137979838,-1E-15,1E-15,1E-15,-5.058120002,2.486276162,0.137979838
37,LO,-3.874241127,0.245212135,0.02103536,-0.808722313,0.073382654,0.445879305,-4.203316138,0.322693689,0.015407342
38,LO,-1.3229127,0.122538197,0.262384123,-0.653495489,0.065877258,0.51639213,-1.512628145,0.150510584,0.216229402
39,LO,-2.4873777,0.161636714,0.082360434,-0.809731363,0.060386087,0.445582131,-2.840350023,0.219589784,0.057798569
42,UL,-1.921976239,0.395726584,0.303730606,-0.299673219,0.04865882,0.802727472,-2.071365813,0.454142075,0.291033048
44,LO,-5.05757241,0.195715361,0.006443739,-1.12491713,0.081560005,0.331936519,-5.471077971,0.263447205,0.004284282
45,UL,-1.12887296,0.270911674,0.524881789,-0.306482621,0.049440672,0.796906279,-1.376595223,0.372844521,0.485031358
46,UL,-1.981541481,0.551742797,0.352283154,-0.384006688,0.129491825,0.817954902,-2.082524461,0.599300207,0.346221574
47,UL,-3.201614836,0.761959424,0.139320226,-2.528667431,0.273673983,0.114155714,-3.734885618,1.213318324,0.145708617
48,UL,-1.813614835,0.355479276,0.318872918,-0.420707014,0.074191913,0.737831713,-2.14136502,0.483241609,0.286123977
49,LO,-1.182466003,0.096698737,0.30257695,-0.672585002,0.058182279,0.506971941,-1.607432469,0.152216437,0.196257629
50,LO,-3.994831689,0.25854085,0.01931909,-3.064008611,0.114668293,0.048616904,-4.16081721,0.309238033,0.016613568
51,LO,-7.283221164,0.715548745,0.000829094,-1E-15,1E-15,1E-15,-7.307435072,0.742609078,0.000829094
52,LO,-2.234708168,0.102659931,0.105535203,-0.730720384,0.046588732,0.478813312,-3.108920684,0.207548003,0.043644517
53,LO,-3.366347259,0.294667117,0.03356566,-1E-15,1E-15,1E-15,-3.364787957,0.300849824,0.03356566
56,LO,-3.364503778,0.149035539,0.033963493,-0.636049217,0.058032351,0.526209115,-3.780933285,0.203057618,0.022300686
57,UL,-1.633620839,0.38010273,0.372071934,-1.318230231,0.15630806,0.332369934,-1.711995386,0.43003226,0.376472093
58,LO,-2.017398437,0.109386625,0.132775792,-0.759898981,0.050634765,0.468244235,-2.826990957,0.217593637,0.05941736
59,UL,-3.385793383,0.889168371,0.139404604,-1.148483692,0.196028146,0.410727417,-3.474492483,0.941813571,0.138907075
60,LO,-2.070223918,0.106630906,0.124377401,-0.61374586,0.048818352,0.5380757,-2.85506035,0.200780484,0.056299177
61,UL,-1.971935617,0.51416526,0.343448113,-0.386606912,0.068053109,0.755088672,-2.143124637,0.601483009,0.332169761
62,LO,-2.362807021,0.105935212,0.092591639,-0.594232655,0.051016921,0.54763827,-3.144902346,0.188197124,0.04194343
63,LO,-1.957748471,0.093866773,0.140036631,-0.765101804,0.048298758,0.463526946,-2.818322062,0.188423195,0.059064452
64,LO,-1.898279035,0.128262843,0.147477795,-0.693279764,0.05045116,0.496581557,-2.344839726,0.194836321,0.093956061
66,LO,-1.273478899,0.089658832,0.27620826,-0.605808529,0.047256983,0.5416235,-1.906233815,0.170978245,0.145518447
69,LO,-0.999422978,0.075296831,0.363343908,-0.585172616,0.051707165,0.552326033,-1.895566104,0.182774357,0.145652219
70,LO,-2.435129058,0.146168901,0.085369077,-0.744509292,0.051380399,0.471126644,-2.860222251,0.211530966,0.055276217
71,LO,-4.566396553,0.269608598,0.010688712,-3.265919047,0.102788465,0.039372223,-4.633474355,0.292977776,0.010058002
75,LO,-1.23208792,0.095616656,0.286824678,-0.578033733,0.049071042,0.556494212,-1.694559344,0.156266938,0.178722245
76,LO,-5.844017138,0.434468877,0.002709914,-1E-15,1E-15,1E-15,-5.839352336,0.441595159,0.002709914
77,UL,-1.170918264,0.304642419,0.51243044,-0.941950725,0.117800242,0.461933782,-1.29237165,0.399616379,0.52726012
78,UL,-1.815502558,0.524907036,0.364082798,-2.736392547,0.361733875,0.100576983,-1.780013555,0.55613272,0.399390627
83,UL,-1.707598146,0.397482548,0.374194411,-0.528711609,0.084144065,0.671899505,-1.994020232,0.529529954,0.347646859
84,LO,-2.906210392,0.136903835,0.053626631,-0.638220616,0.05849816,0.523712617,-3.273719371,0.17937061,0.036951821
91,LO,-1.374546247,0.098187084,0.248858242,-0.640075974,0.050241736,0.523062273,-1.891452214,0.164407619,0.146920147
92,LO,-2.120945877,0.131025339,0.117568122,-0.680092425,0.051127149,0.502963435,-2.578640269,0.195546431,0.073835329
93,LO,-7.521993332,0.593341122,0.000534459,-1E-15,1E-15,1E-15,-7.52372907,0.607813624,0.000534459
94,UL,-1.081469783,0.211597628,0.497372564,-0.529243177,0.056370724,0.644434665,-1.391558234,0.335508001,0.450373929
97,LO,-1.560211157,0.091425919,0.207845589,-0.592284628,0.049982574,0.549884045,-2.305941295,0.170307522,0.098006743
98,LO,-2.382768352,0.11433556,0.092854918,-0.913921699,0.05746693,0.401652731,-3.273834243,0.228432176,0.038916583
99,LO,-3.15485154,0.133351428,0.041693648,-0.525713144,0.040718585,0.587525097,-3.790805094,0.225209345,0.021848964
100,LO,-1.448106007,0.09063174,0.231936966,-0.698443393,0.053455419,0.493644058,-2.146529694,0.166457346,0.114279587
102,UL,-1.115314441,0.216104879,0.483231097,-0.503114216,0.063525788,0.66948506,-1.450456141,0.342552002,0.427215269
103,UL,-0.971244852,0.28824795,0.604359537,-0.453166217,0.053395441,0.692668853,-1.024633603,0.313174721,0.600481687
104,LO,-1.859760707,0.085435644,0.153549967,-0.649843828,0.048002318,0.5183538,-2.839757811,0.178575902,0.056866985
105,LO,-1.333639079,0.098181646,0.262915536,-0.753642077,0.058208291,0.470080448,-1.928518156,0.178417598,0.145558985
109,LO,-1.520043621,0.113965784,0.21477981,-0.68424345,0.058990994,0.499966464,-1.91384852,0.164562477,0.143743183
111,LO,-1.424389434,0.107493771,0.236623417,-0.659865371,0.048849017,0.513621078,-1.879456584,0.174635862,0.148643723
115,UL,-1.007014195,0.210490275,0.530051343,-0.650077685,0.065370415,0.579166914,-1.191344242,0.299119488,0.513845613
117,LO,-1.87590037,0.115362367,0.150580548,-0.68208627,0.051413724,0.502582873,-2.393555027,0.181452001,0.088896739
118,UL,-1.75078396,0.298479899,0.311677618,-0.63982359,0.051061658,0.572302971,-2.17665537,0.468397661,0.273018655
119,LO,-2.801849671,0.145138104,0.05932204,-0.57503338,0.056211258,0.557592433,-3.181655439,0.19472002,0.040322215
129,UL,-0.937058818,0.22595634,0.589019545,-0.137077614,0.039644252,0.930043557,-1.306939732,0.368795229,0.51236051
130,UL,-1.35916777,0.328718333,0.458712555,-0.529866446,0.07686637,0.663960625,-1.616549538,0.449473779,0.429158609
131,UL,-1.64845396,0.372816173,0.380351392,-0.537592143,0.115573152,0.691297635,-1.941088091,0.491314714,0.348121899
133,UL,-0.520349357,0.13738384,0.74150003,-0.372262739,0.051850692,0.74851181,-0.659789443,0.224047493,0.736772498
134,UL,-0.662110064,0.197401819,0.711324928,-0.280740796,0.055562702,0.825771174,-0.774955061,0.248957282,0.690060269
135,UL,-1.876325103,0.407580463,0.327157709,-0.313865892,0.066392335,0.812918344,-2.15959854,0.531151711,0.30157986
136,LO,-1.505849193,0.091858623,0.218973,-0.735081943,0.05092802,0.476815522,-2.192968444,0.171765422,0.108897428
141,LO,-2.363624144,0.095387542,0.093312139,-0.796187847,0.053045766,0.44983615,-3.291360536,0.182617954,0.036682511
142,LO,-4.484419107,0.190092824,0.011091128,-0.839574393,0.042272064,0.432795495,-4.79142858,0.24685414,0.008146623
143,LO,-1.734052349,0.093959456,0.174296572,-0.59489608,0.050927371,0.549125289,-2.559051661,0.179867674,0.075405185
146,UL,-0.941214165,0.271032738,0.609189788,-0.531158393,0.077145465,0.662741722,-1.125925006,0.379658385,0.595238951
148,UL,-1.378089248,0.254869724,0.403703395,-1.007400849,0.070702547,0.40728977,-1.578484938,0.365495384,0.402528105
150,UL,-1.553520668,0.258957683,0.338901696,-0.446760315,0.045143851,0.68805894,-1.859136856,0.365365138,0.298864627
164,UL,-1.075929578,0.252087905,0.534985298,-0.393005872,0.073373107,0.757250281,-1.361365443,0.364585667,0.485988719
165,UL,-1.31311467,0.310200082,0.457536542,-0.481842938,0.108800282,0.72226041,-1.557880785,0.406060348,0.420233194
166,LO,-1.7596442,0.101688233,0.170065421,-0.634494184,0.0532777,0.527488312,-2.409925775,0.171978993,0.088149855
169,UL,-0.756969621,0.134864783,0.598951095,-0.435161444,0.035509937,0.68567659,-1.050951173,0.249518105,0.545968677
170,UL,-1.586272712,0.286597446,0.356149478,-0.382594485,0.05899826,0.75001358,-1.87819585,0.383903177,0.318682309
173,UL,-1.743345146,0.461030623,0.378900742,-2.109626717,0.062389788,0.134435482,-1.7664508,0.48622359,0.389262744
174,LO,-2.607424877,0.12886088,0.072833443,-1.096884364,0.047923698,0.333296123,-3.134331811,0.205110806,0.042824914
177,LO,-1.907625692,0.099840348,0.146556041,-0.580473872,0.054052471,0.555929701,-2.615640176,0.168475498,0.071718321
178,UL,-0.452713743,0.105624362,0.746893295,-0.425868183,0.07563164,0.731920571,-0.562895578,0.212757928,0.785267775
179,UL,-1.72025839,0.343118196,0.336321913,-0.628298772,0.065189625,0.59166133,-1.93270152,0.430433557,0.316344152
180,LO,-1.879761106,0.111514123,0.152434626,-0.76080717,0.057426837,0.467592476,-2.500252616,0.186389272,0.082247705
181,LO,-1.968642314,0.114102223,0.140402353,-0.76812618,0.05598876,0.464702521,-2.754842506,0.221066896,0.0651384
183,LO,-5.173891362,0.278680016,0.005588359,-0.826344224,0.086641413,0.432150003,-5.24964203,0.299750238,0.005191936
186,UL,-1.108223582,0.360730825,0.588395976,-0.266578732,0.088453253,0.881780311,-1.146528323,0.378028009,0.585963457
192,LO,-1.47262841,0.096725985,0.226539191,-0.665981991,0.05146783,0.511133926,-2.098440116,0.172364708,0.120120434
193,UL,-2.081023791,0.640002142,0.356306368,-0.59522647,0.106350566,0.648407418,-2.212235576,0.721204667,0.350959269
194,UL,-1.902333439,0.298919605,0.267749831,-0.488559396,0.046807697,0.661932078,-2.25007501,0.41692914,0.234969644
195,UL,-1.576435711,0.426070791,0.429149343,-0.644771361,0.098950589,0.607945247,-1.695366288,0.485116666,0.42065891
200,UL,-1.612693228,0.426082208,0.425927743,-0.235128919,0.050521467,0.858356993,-1.739103169,0.483166376,0.414092933
201,UL,-1.287547586,0.290347523,0.465824718,-0.551184912,0.081430017,0.655500682,-1.516324935,0.385599935,0.435997952
202,UL,-1.549149657,0.355332184,0.406207089,-0.462906947,0.060424811,0.692467365,-1.74489922,0.439207558,0.385688438
203,UL,-1.190320033,0.326030269,0.529251939,-0.326539527,0.053506572,0.786975964,-1.290886556,0.370771704,0.516675387
204,LO,-3.228509633,0.113350946,0.039112487,-0.898915973,0.045792743,0.40597654,-4.141153889,0.228662767,0.015581484
206,LO,-2.447113693,0.084736021,0.085852428,-0.712436608,0.042720668,0.488877198,-3.654749913,0.209755898,0.025550878
209,UL,-2.950555317,0.712922846,0.180209954,-1.521032502,0.302033164,0.321679297,-3.186717073,0.836995777,0.174088063
211,UL,-3.240511369,0.508604907,0.101521679,-0.809574935,0.106328067,0.518074531,-3.79567529,0.747085242,0.08741427
219,LO,-2.641337095,0.185679821,0.074691075,-1.933135636,0.097323514,0.149444231,-3.116325333,0.300310599,0.048363406
228,LO,-2.198428849,0.092525946,0.11115999,-1.141385176,0.053164452,0.320391112,-3.05432345,0.180960554,0.047453907
229,LO,-3.158912868,0.229167098,0.043042176,-0.948518907,0.090385209,0.390091718,-3.313620854,0.262120978,0.037122995
231,UL,-1.381972128,0.307446506,0.443734592,-0.521306512,0.059841929,0.653978558,-1.598854776,0.398510472,0.418902542
232,LO,-5.396207674,0.412840047,0.004625549,-1E-15,1E-15,1E-15,-5.400399526,0.425342168,0.004625549
235,UL,-0.909519202,0.216254488,0.586154131,-0.512218299,0.073140062,0.670795193,-1.153342689,0.329268764,0.554016703
237,UL,-1.389167683,0.328604677,0.443456158,-1.043315746,0.090882056,0.405078537,-1.519659464,0.418439694,0.45128332
241,UL,-0.818891561,0.194368295,0.619134497,-0.380458709,0.052353542,0.744097332,-1.027627515,0.281578017,0.581947594
242,UL,-1.085343141,0.24827899,0.527528865,-0.425777646,0.058357385,0.717414256,-1.266403692,0.319103565,0.499140797
243,UL,-2.21693015,0.285218251,0.182897878,-0.692672571,0.071286332,0.559608599,-2.751297836,0.458027381,0.143494146
244,UL,-3.691362823,1.084532033,0.151540257,-1E-15,1E-15,1E-15,-3.767389396,1.115215276,0.151540257
245,UL,-0.934954642,0.199653055,0.563292409,-0.349337947,0.056303975,0.770347653,-1.374255952,0.367849053,0.480010073
253,LO,-3.16208466,0.182596386,0.042109446,-0.621103009,0.063362855,0.537340575,-3.42053827,0.226304638,0.03259125
255,UL,-0.578759595,0.176624531,0.74523137,-0.305019068,0.060178973,0.812278901,-0.650649644,0.210557339,0.733955419
261,UL,-1.380964464,0.327865748,0.451793635,-0.283735041,0.059362858,0.827402838,-1.629060277,0.431402372,0.417574285
262,LO,-2.739706558,0.17975158,0.068376325,-1.36659863,0.111727021,0.267519604,-3.752981664,0.355754901,0.026442104
263,UL,-0.650865448,0.162943482,0.683044378,-0.325545128,0.095585131,0.830413719,-0.986198906,0.264671342,0.583811283
264,UL,-0.47224932,0.162311259,0.80081383,-1E-15,1E-15,1E-15,-0.483967069,0.167364132,0.80081383
271,LO,-1.373165749,0.082921024,0.251171606,-0.722738642,0.047193869,0.483893202,-2.1598636,0.177644848,0.113391636
272,LO,-1.439411772,0.081759088,0.23530623,-0.677493751,0.049618226,0.505741502,-2.378652434,0.181931927,0.091612885
274,UL,-0.612276984,0.145780659,0.694525574,-0.308259793,0.046004714,0.790708053,-0.895475675,0.265333979,0.634694286
276,UL,-1.035921689,0.245379773,0.548808015,-0.300123361,0.053093827,0.807740521,-1.272209487,0.336806341,0.505472307
280,UL,-1.015142448,0.245021142,0.551866195,-0.57109253,0.096851173,0.659938298,-1.173661202,0.313440278,0.528621514
283,UL,-0.997970525,0.162667771,0.502311493,-0.416546632,0.050543298,0.715451094,-1.358867205,0.265484395,0.426322823
285,LO,-2.667152631,0.178219767,0.071425032,-0.829225521,0.105108743,0.454517778,-3.10962904,0.238322959,0.046011349
286,UL,-1.182429501,0.267169147,0.497731667,-0.283596397,0.054520606,0.822529956,-1.449993615,0.368455626,0.452406236
290,LO,-2.106089448,0.106881241,0.121757947,-0.779153241,0.060975992,0.46049205,-2.800318134,0.175287901,0.060874211
291,LO,-1.833874631,0.151498396,0.160294571,-0.730603115,0.070707865,0.483222617,-2.08392847,0.191715216,0.125295941
301,UL,-0.876174743,0.219531767,0.611381521,-0.294446937,0.051017148,0.80899319,-1.037286112,0.28194102,0.579801131
302,LO,-3.518171676,0.179240377,0.029832627,-0.76244019,0.056178566,0.466713733,-4.119979276,0.293272902,0.016701895
303,UL,-2.261447897,0.702996014,0.325157435,-1E-15,1E-15,1E-15,-2.311054382,0.721572683,0.325157435
314,LO,-2.102525446,0.119978567,0.120739069,-0.61910783,0.054086403,0.534835272,-2.620692454,0.18237202,0.071809892
317,UL,-0.370705832,0.088079296,0.796568173,-0.286001335,0.054789884,0.820050184,-0.542953504,0.162291949,0.75949735
319,UL,-1.37575038,0.34879646,0.466508765,-0.39891122,0.054330801,0.732515016,-1.504161916,0.404664874,0.452286582
327,LO,-1.422199877,0.079625053,0.239338555,-0.763039814,0.045391133,0.464796131,-2.31873194,0.188187824,0.09693368
328,LC,-2.128644996,0.276412013,0.221656078,-0.134868257,0.621627726,0.600571692,-1.253204729,1.366413095,0.174989734
331,LO,-1.373632819,0.095050098,0.250984221,-0.686932182,0.051588252,0.501033388,-2.035478401,0.182528759,0.128947645
332,LC,-2.103356793,0.289848842,0.235320722,-0.145640291,0.629153818,0.620385474,-1.272928897,1.388240984,0.180178259
336,LO,-1.934703526,0.096023597,0.143078669,-0.714758089,0.047579685,0.487485558,-2.747737004,0.187034729,0.063111608
337,LO,-3.380619363,0.128252684,0.03387933,-0.674947501,0.054267688,0.507373813,-4.069716278,0.212404976,0.017120318
341,UL,-1.368673106,0.323809585,0.454334087,-0.398008365,0.088247841,0.76641625,-1.595751222,0.41355945,0.422323623
342,UL,-1.245478638,0.302880125,0.4920485,-0.408084584,0.066347018,0.736066728,-1.439416902,0.384603395,0.465271898
343,LO,-3.381250911,0.194098347,0.033575035,-1.051683326,0.055192945,0.347898418,-3.667019398,0.250105333,0.025275693
345,LC,-2.239740602,0.257553767,0.193354438,-0.139796854,0.624309391,0.603374984,-1.411413682,1.50231129,0.136721076
347,LO,-7.060866488,0.762735753,0.000902743,-1E-15,1E-15,1E-15,-7.069828075,0.786996556,0.000902743
348,LO,-2.644062582,0.134629794,0.071853529,-0.721425877,0.063003414,0.489504143,-3.425550921,0.241911923,0.033532103
349,LO,-1.19655323,0.098321608,0.29896347,-0.605741023,0.056233689,0.542311828,-1.629851915,0.153946176,0.192946997
350,UL,-0.550048011,0.14047496,0.729174097,-0.340522139,0.056532369,0.778448265,-0.7317254,0.225009282,0.698587257
351,LC,-1.987862498,0.25177054,0.240846225,-0.182965626,0.637006589,0.546178387,-1.172038391,1.294786065,0.191457179
352,LC,-2.633327962,0.274856913,0.137250898,-0.174327313,0.638109928,0.587012287,-1.697152136,1.766965143,0.09075375
353,LO,-1.268742704,0.096654232,0.277428686,-0.592432748,0.057468544,0.548527997,-1.715400526,0.145510638,0.176396035
354,UL,-1.575760338,0.374417852,0.40302546,-0.334775246,0.052209139,0.779380954,-1.73692495,0.443690014,0.385784183
356,UL,-0.694686793,0.200490712,0.696158712,-0.23305741,0.060707928,0.875328537,-0.789155985,0.236035952,0.673996135
358,UL,-1.792094243,0.426356476,0.356909463,-0.450934143,0.079875248,0.719330565,-2.020440868,0.53415413,0.336780713
360,UL,-1.273389221,0.262690302,0.445862956,-0.868963698,0.076243261,0.473767303,-1.425084244,0.342006457,0.439634796
364,UL,-1.240339368,0.269398013,0.476363355,-0.464859042,0.036421018,0.666836641,-1.48075886,0.373297678,0.446980814
365,UL,-0.555637144,0.10783585,0.687006692,-0.567036283,0.042670862,0.607768287,-0.562784039,0.170742478,0.758795445
368,LC,-2.276895023,0.253785491,0.183442894,-0.099667189,0.608845106,0.623583971,-1.427810086,1.516341311,0.129690197
374,UL,-0.391771218,0.086456166,0.77834033,-0.307747016,0.047010583,0.792570735,-0.551186481,0.166084362,0.757366195
377,LO,-2.357905918,0.154295785,0.094285048,-1.151141775,0.061525335,0.314993048,-2.648165408,0.203928469,0.070843336
383,LC,-1.491326321,0.207972304,0.357316353,-0.238808896,0.658776652,0.50744776,-0.956443615,1.12891277,0.279544027
384,LC,-1.993881134,0.237526641,0.229286472,-0.307567117,0.693062705,0.491984827,-1.343157133,1.444264471,0.148635504
386,LC,-2.54116286,0.282394695,0.149039154,-0.113184176,0.612627629,0.606562653,-1.487437119,1.569223281,0.115333433
388,UL,-1.105690186,0.259739142,0.522864327,-0.393958875,0.058196778,0.740247126,-1.293161937,0.334425905,0.492795154
389,LC,-2.335150593,0.301878297,0.193752035,-0.261852642,0.671735714,0.519382989,-1.342633012,1.445463102,0.157916665
390,UL,-1.37305278,0.319625244,0.448238348,-0.525642704,0.129768156,0.71200903,-1.581933433,0.393417216,0.417179291
391,LC,-2.727082899,0.227366783,0.113318841,-0.18645154,0.639283657,0.553540783,-1.939031346,1.995520218,0.061136583
393,LC,-3.814414378,0.308050924,0.046477867,-0.076440226,0.598833006,0.618425701,-2.135438631,2.174092095,0.036917938
395,LC,-2.680076821,0.405423139,0.165431045,0.167963371,0.535786937,0.80333086,-1.317748183,1.424658407,0.162747636
396,LC,-1.68481701,0.244769038,0.317833472,-0.200634879,0.650332611,0.57766602,-1.122040154,1.261476204,0.223430514
397,MC,-4.015923467,1.034828142,0.061997287,-1.694695586,0.770348241,0.35060154,-4.181920994,1.115327817,0.057459309
398,LC,-2.227782278,0.295106948,0.202821588,-0.124838058,0.624297217,0.654906093,-1.233848767,1.345407954,0.166046958
400,MC,-3.54152206,0.230391219,0.039442012,-0.985557596,0.148012335,0.449545372,-5.154934742,0.527766248,0.012297166
401,UL,-1.362517134,0.287213097,0.434394604,-0.38617879,0.05778305,0.744101015,-1.705305419,0.425057228,0.387402803
412,UL,-2.613133345,0.663804762,0.236865123,-0.250453785,0.079611867,0.88514964,-2.670539253,0.683985955,0.236210883
414,MC,-1.350638644,0.326088568,0.387488305,-0.662860508,0.208866134,0.653015142,-2.054680906,0.572233923,0.256495556
415,LO,-1.551450648,0.104764611,0.210608975,-0.79119916,0.059373444,0.452642922,-2.15942411,0.181778848,0.114304334
416,LO,-1.934468764,0.122533629,0.144290475,-0.862392961,0.060510816,0.423124701,-2.49295591,0.198947602,0.082723786
417,LO,-3.527834494,0.198506651,0.030197337,-0.735249147,0.087596766,0.48868816,-3.965037469,0.271491557,0.019851834
420,MC,-1.455501186,0.287327951,0.352839758,-0.759954061,0.157004183,0.573195598,-1.947730467,0.454808154,0.270775417
423,UL,-1.565095961,0.32008682,0.380194517,-0.501491622,0.071352676,0.679768039,-1.777136898,0.399046849,0.354994497
425,LC,-2.176805312,0.223664112,0.183596328,-0.070317382,0.598371447,0.633526289,-1.333248312,1.423647654,0.129231542
426,LC,-10.22773745,1.845828469,0.00171959,-1E-15,1E-15,1E-15,-5.091240892,5.261561515,0.00171959
427,LC,-2.863482276,0.294778924,0.118221769,-0.276014256,0.678078829,0.5098884,-1.791988461,1.857936557,0.083283735
428,UL,-1.800558829,0.31554748,0.307163953,-0.547649657,0.055333945,0.633541877,-2.03548451,0.397488262,0.284022206
429,LO,-3.265818486,0.144940023,0.038564889,-0.929081237,0.053972738,0.395757949,-3.953603989,0.252103036,0.019844517
431,LC,-2.613363462,0.222973557,0.122432151,-0.16140673,0.625592463,0.537217584,-1.703654522,1.76650888,0.078385691
438,LC,-2.118190578,0.198143597,0.192851436,-0.297526689,0.683324629,0.465951467,-1.584499712,1.663280441,0.10891933
439,LC,-1.830498453,0.242058585,0.275566666,-0.183014218,0.638548811,0.561105888,-1.220290022,1.346325122,0.195271658
440,LC,-1.746492563,0.228113138,0.28691967,-0.250648775,0.666416752,0.524788463,-1.052283875,1.194439246,0.218217506
441,LC,-2.952430568,0.307360223,0.109423011,-0.520791858,0.803097268,0.360268853,-1.85284002,1.917391416,0.077265039
443,MC,-1.81582436,0.321065554,0.260562098,-0.773782637,0.153137749,0.56501313,-2.199331071,0.439494554,0.209607889
444,LC,-2.254963507,0.225430179,0.175559313,0.019754206,0.572545606,0.708478219,-1.51009602,1.589126223,0.110514509
445,LO,-2.372793367,0.120284572,0.092456038,-0.618590908,0.061936337,0.537063352,-3.102752085,0.201626284,0.044494524
446,LO,-2.358072235,0.118956467,0.094336287,-1.028688158,0.057794077,0.357836698,-3.090603785,0.214781282,0.045482373
447,LO,-1.879947463,0.123942998,0.15179656,-0.714182995,0.053865158,0.48817205,-2.437616619,0.205441136,0.087246625
449,LC,-1.123326062,0.181296834,0.463833253,-0.00033423,0.575161301,0.662799041,-0.626959898,0.888145715,0.380361405
450,LC,-0.936485912,0.15926714,0.532124437,-0.003707366,0.577377689,0.671870625,-0.511149441,0.815975865,0.431770219
453,LC,-2.081193037,0.301187059,0.247040614,-0.439989455,0.759356238,0.413667516,-1.191585946,1.320394985,0.209536276
456,MC,-3.798566234,0.630690097,0.059074803,-1E-15,1E-15,1E-15,-3.801277185,0.627822357,0.059074803
458,LC,-1.426993164,0.14931127,0.331130936,-0.554178277,0.81810897,0.326449798,-0.861336069,1.064974071,0.358963351
462,LC,-2.824311349,0.25330474,0.105036848,-0.028421178,0.588186563,0.685160895,-1.758699199,1.814970377,0.068680337
464,MC,-11.8880521,3.327617083,0.000357868,-1E-15,1E-15,1E-15,-11.87384201,3.368914131,0.000357868
465,UL,-1.046796321,0.258349619,0.551051145,-0.447428937,0.057534102,0.701410528,-1.226925967,0.338865185,0.526163294
466,LO,-2.733218101,0.109192207,0.064609451,-0.654246138,0.051420778,0.518706328,-3.538047266,0.195948763,0.02891046
467,LC,-2.567479288,0.154090848,0.109997704,-0.315689111,0.692012998,0.456779732,-2.014869321,2.049062688,0.039232926
468,LC,-1.49964555,0.177416125,0.334060346,-0.048671835,0.590117558,0.641807671,-1.186415967,1.311753637,0.197116921
470,LO,-4.391556438,0.274357113,0.012785327,-1.893445418,0.136226495,0.158567348,-4.628227442,0.32640321,0.010148879
471,LC,-3.298596561,0.301527964,0.080751876,-0.112827284,0.614098998,0.618251537,-2.005946276,2.058382378,0.058312852
472,LC,-2.811147117,0.297994562,0.120386039,-0.306146801,0.6883097,0.466827111,-1.668635335,1.739481832,0.092062528
479,LC,-2.118261338,0.203232339,0.18632755,-0.059758324,0.592680062,0.621444623,-1.408969622,1.493440414,0.117573668
482,MC,-2.501769181,0.296886631,0.126078577,-0.75218093,0.141992318,0.56926369,-3.329937627,0.523173077,0.075375546
483,MC,-3.298324007,0.539645408,0.081879839,-1E-15,1E-15,1E-15,-3.299194235,0.538666656,0.081879839
484,LC,-1.117449821,0.190573052,0.4789526,-0.270840939,0.678557292,0.525160241,-0.547181596,0.839553221,0.425990966
488,LC,-1.984243432,0.224542626,0.231222682,-0.121251204,0.617805742,0.621208356,-1.358648477,1.453959175,0.145916049
489,UL,-1.227093881,0.31607607,0.507803977,-0.493702733,0.060937611,0.673018831,-1.363878699,0.379848937,0.493045706
490,UL,-0.931138692,0.260687366,0.601007225,-0.753334738,0.155708401,0.585349788,-1.019120979,0.314876787,0.605532533
491,LO,-2.336672659,0.108574216,0.095718062,-0.62216424,0.058147146,0.534776913,-3.204177485,0.198812834,0.040017246
492,LO,-1.796950601,0.084091337,0.165601499,-0.791305504,0.055854876,0.45467485,-2.750475149,0.1628325,0.063466532
497,UL,-1.247372999,0.288158912,0.47844976,-0.760253048,0.060012512,0.51341563,-1.456074147,0.406941108,0.470164876
501,MC,-1.276351026,0.258259897,0.404829144,-0.732645506,0.150166897,0.584605218,-1.742074774,0.41124054,0.315150806
503,LC,-2.597422703,0.270220754,0.141153474,-0.790190485,0.970544905,0.224381832,-1.549918307,1.630139757,0.114997744
504,UL,-2.611308652,0.495710038,0.196572926,-0.521412388,0.077033547,0.66653417,-3.030631056,0.691603799,0.178515986
505,UL,-1.330876403,0.356734666,0.487679331,-0.412302019,0.084330236,0.753150701,-1.479298283,0.42332447,0.469446832
507,LC,-1.820213144,0.195673134,0.243249798,-0.27574358,0.675810187,0.492120973,-1.195125012,1.306362582,0.157463676
508,LC,-4.595035851,0.431378406,0.026617819,0.035790775,0.570226138,0.736312673,-2.361811532,2.397778502,0.024984459
510,LO,-3.582501197,0.148751354,0.02723045,-0.626506977,0.064790077,0.529049526,-4.135313702,0.217943305,0.015585198
511,UL,-1.008373659,0.220218444,0.541740451,-0.449589786,0.059922466,0.699969959,-1.253861242,0.316831629,0.50154212
515,LC,-9.117336212,1.548751648,0.003714192,-1E-15,1E-15,1E-15,-4.539663679,4.674301223,0.003714192
517,LC,-1.590552401,0.139700816,0.279358399,-0.037301985,0.58602152,0.642855449,-1.465833383,1.543759596,0.113566944
518,UL,-1.487706099,0.333234087,0.412605956,-0.260433063,0.070514728,0.862102012,-1.732727391,0.427444778,0.378833373
519,UL,-0.877559196,0.232494463,0.613025053,-0.627355068,0.048743213,0.577453044,-0.985201213,0.310682954,0.622204303
522,MC,-3.493938334,0.589295143,0.062246792,-2.094384841,0.338392469,0.168931741,-4.088045662,0.854643237,0.047717285
523,MC,-11.87275102,3.395824523,0.000201981,-1E-15,1E-15,1E-15,-11.82972317,3.425830163,0.000201981
524,UL,-0.760878593,0.208734464,0.659029552,-0.402613921,0.076336723,0.750497158,-1.038922596,0.345837354,0.614891959
525,UL,-0.73459302,0.188227762,0.652075373,-0.603819613,0.085692244,0.623027556,-0.845610311,0.273205068,0.668159765
526,UL,-1.170523687,0.280872078,0.50895658,-0.425095347,0.066223531,0.72471205,-1.372455023,0.364760287,0.479379087
529,MC,-1.353717758,0.324717733,0.407340208,-0.671599316,0.204311541,0.649275578,-1.773490298,0.460689786,0.32531301
530,UL,-0.575318195,0.179899113,0.749321575,-0.36561208,0.12280084,0.831120235,-0.604680872,0.189820857,0.743888329
531,LC,-2.188364867,0.366992922,0.239140283,0.093186161,0.551276529,0.731344607,-1.107128256,1.253708202,0.225473442
532,LC,-1.847693078,0.201608764,0.247333674,-0.130419029,0.616959891,0.580465925,-1.267219214,1.373204512,0.159696939
533,UL,-0.725254763,0.201649176,0.676578077,-0.371544043,0.08684375,0.784860444,-0.917787642,0.282558145,0.63835552
536,UL,-2.80921179,0.790092875,0.222907429,-1E-15,1E-15,1E-15,-2.862634018,0.805717428,0.222907429
537,MC,-3.232760353,0.510046023,0.079389398,-0.907941984,0.265742159,0.524880686,-3.866687875,0.737907665,0.058105848
539,UL,-1.751412108,0.353064713,0.333663489,-0.270531608,0.044145231,0.820126581,-1.910573816,0.411185209,0.31713564
545,LC,-2.083488285,0.2467113,0.214740357,-0.179700581,0.634437305,0.547651684,-1.241605304,1.352410479,0.16552398
546,LC,-1.284519358,0.10558182,0.349410348,0.06733412,0.556637245,0.710026363,-1.632868966,1.699065394,0.094196286
547,MC,-4.098730951,0.756194824,0.042884341,-2.062931121,0.477435853,0.202720868,-4.152136685,0.77597479,0.041593504
549,LC,-5.310534349,0.600329151,0.020296744,-1E-15,1E-15,1E-15,-2.64411666,2.685720609,0.020296744
551,LC,-2.550190934,0.263917444,0.151172652,-0.360017905,0.71695239,0.454435385,-1.75216043,1.824408038,0.096297506
552,LC,-3.198974408,0.314447189,0.088686914,-0.050519856,0.593932281,0.671263727,-1.922263907,1.980900252,0.065541881
554,UL,-1.351645141,0.265803322,0.420682499,-0.363494392,0.054488536,0.759378917,-1.558665551,0.336836611,0.388529432
558,LO,-3.388910945,0.16558084,0.0340525,-0.704630812,0.075939054,0.499544608,-4.018790105,0.255662332,0.018335721
560,UL,-1.056728276,0.285747707,0.563061408,-0.623525716,0.051070993,0.581971891,-1.168523674,0.352344585,0.560427739
563,LC,-2.635016608,0.354372691,0.166314761,-0.665212863,0.89147184,0.29997645,-1.545659535,1.641668549,0.140147552
566,LC,-2.67166937,0.2193194,0.11483528,-0.033839321,0.586476324,0.657064336,-1.737218672,1.792858198,0.070202901
573,LC,-1.967924847,0.203466423,0.219275332,-0.023973956,0.583381578,0.662946173,-1.334092003,1.428405571,0.138068203
578,MC,-3.337160879,0.469299154,0.069639406,-1.343733127,0.190871482,0.322002159,-3.825493789,0.667381709,0.055344007
581,UL,-1.858700104,0.466729046,0.35373792,-0.52846128,0.156749428,0.735069636,-1.945461612,0.499762906,0.347182545
589,UL,-1.493702165,0.308213709,0.39944462,-0.238235437,0.047098263,0.850606123,-1.821442985,0.433472219,0.356103454
592,LC,-2.705898616,0.254363392,0.122077941,-0.117733009,0.614497635,0.604244673,-1.688374839,1.751256024,0.083342079
594,UL,-1.465449725,0.299491479,0.397739924,-0.502900716,0.097397304,0.702577558,-1.85774823,0.444942015,0.343944524
596,LC,-3.192574542,0.370538979,0.099715341,-0.131186187,0.627110597,0.646087473,-1.795186816,1.860320997,0.081946179
597,UL,-0.80880751,0.202098104,0.630831494,-0.413680989,0.066593511,0.733254038,-0.92978489,0.251736164,0.610980159
599,UL,-3.070451236,0.789212206,0.186451163,-0.253315802,0.083690331,0.886954433,-3.124304058,0.804693625,0.186447188
601,UL,-2.040613989,0.452915521,0.302784525,-0.406308732,0.045064612,0.716404365,-2.243305067,0.544882212,0.289118368
604,LC,-2.634832361,0.259153094,0.131648831,-0.113399907,0.615210313,0.623025374,-1.67439921,1.740165102,0.087221055
611,UM,-2.343607394,0.351611203,0.171287205,-0.101215595,0.624824965,0.638028574,-1.656267863,1.765264425,0.104509495
612,UM,-2.022602874,0.281081593,0.198169821,-0.115920455,0.623847721,0.602502588,-1.609706224,1.7169645,0.096279718
614,UM,-1.148114222,0.291483788,0.474606704,-0.138619964,0.640458196,0.61959582,-0.758278539,1.029090819,0.354178342
615,UM,-1.401057923,0.322867995,0.383383664,-0.222988652,0.670568355,0.55906195,-0.861815473,1.096509845,0.29446398
618,MC,-1.848864078,0.32543222,0.239307361,-0.960774894,0.209809566,0.48370662,-2.675494873,0.580855888,0.146232232
619,MC,-1.681561219,0.333014155,0.29920766,-0.654426404,0.155655942,0.637472279,-2.115469595,0.482250679,0.235550118
622,LC,-1.849880629,0.232400595,0.257853238,-0.058750924,0.594693805,0.641134849,-1.138428126,1.265485092,0.19058082
624,LC,-3.828348648,0.462672034,0.067124165,-1.414063891,1.475923266,0.077170271,-1.96924854,2.028457778,0.066352573
626,MC,-1.413473253,0.32349488,0.382687173,-0.642280353,0.166378043,0.647047013,-1.913727272,0.517077954,0.297464977
628,LC,-1.727175272,0.174894284,0.263557567,-0.055778445,0.591649975,0.628302325,-1.29146076,1.391830881,0.151301095
629,LC,-3.439621403,0.362651096,0.079946294,-0.167449396,0.636400737,0.591449545,-2.049055426,2.110434835,0.061371459
632,MC,-2.281815915,0.38928902,0.174787318,-0.913513237,0.20020177,0.506723813,-2.827646258,0.575488682,0.129162211
633,UM,-2.063959893,0.346281662,0.21510396,-0.12328842,0.631618065,0.620119769,-1.324762025,1.453546545,0.149628033
634,LC,-3.005346948,0.26125753,0.094372106,-0.200690461,0.643418598,0.536382629,-1.926265064,1.982455191,0.06188302
640,UM,-1.772197275,0.330703889,0.270750159,-0.288719614,0.689809444,0.47595386,-1.131431872,1.303703209,0.203576153
643,UM,-3.080053789,0.388107768,0.083316864,-0.170477952,0.649442031,0.597501834,-1.986423401,2.065071868,0.050840289
645,MC,-3.050062399,0.469113126,0.080570135,-1.072983063,0.322263637,0.463860289,-4.009369792,0.743151736,0.043729862
647,UL,-1.983763788,0.439616604,0.30251327,-0.169404673,0.05428889,0.921516478,-2.083173436,0.475627556,0.295195119
648,UM,-3.752407684,0.637540083,0.075348272,-1.243091057,1.341915413,0.126558793,-1.98979113,2.083864852,0.071349502
649,UM,-2.319768307,0.411843775,0.217183882,-0.401652274,0.760268757,0.483458209,-1.716253653,1.85051915,0.142636735
650,UL,-1.498570835,0.320381458,0.403187553,-0.350895243,0.073064606,0.786508081,-1.896998632,0.482442132,0.352710182
652,UL,-4.747203444,1.531820094,0.098725966,-1E-15,1E-15,1E-15,-4.85261765,1.575156563,0.098725966
656,UM,-2.08520511,0.336619874,0.213342876,-0.372745421,0.730015994,0.445245271,-1.389863786,1.520439368,0.146935192
657,UM,-3.279182269,0.45949413,0.076440999,-0.060561135,0.602133162,0.608862579,-2.026257198,2.122923631,0.05670139
660,UL,-1.974295713,0.536293592,0.35068164,-1E-15,1E-15,1E-15,-2.002414698,0.544749388,0.35068164
661,UL,-1.671084744,0.324984028,0.347403384,-0.651441102,0.054848001,0.569071718,-2.017732918,0.476062425,0.316296478
663,UL,-1.313696385,0.291858013,0.455409878,-0.424803803,0.05616908,0.713702073,-1.455932469,0.344584755,0.436138147
664,UL,-0.628419935,0.102728156,0.641356243,-0.38993347,0.046977177,0.731015086,-0.828789116,0.158009447,0.585080654
666,LC,-2.723732234,0.28771959,0.132677067,-0.031661644,0.585279406,0.658475006,-1.682276397,1.756216189,0.097947468
668,LC,-1.634922456,0.238786132,0.330556309,-0.173745724,0.641251614,0.601151554,-1.409897064,1.537165193,0.18501734
669,LC,-0.910132595,0.155610914,0.554330736,-0.076764552,0.601747729,0.641818926,-0.732077241,0.972737192,0.382595837
670,UL,-0.9642576,0.201229132,0.546129192,-0.370147064,0.077777479,0.775629731,-1.396226316,0.346155542,0.455895645
672,UL,-4.713655178,1.598812421,0.101190375,-1E-15,1E-15,1E-15,-4.829235445,1.664041828,0.101190375
673,UL,-1.303912155,0.306127187,0.466088353,-0.556372322,0.077219594,0.644617885,-1.684798966,0.491310522,0.423208536
675,LC,-1.803716183,0.2443397,0.286574953,-0.16633885,0.631902255,0.569727987,-1.141023226,1.275883345,0.216265673
676,LC,-4.148319439,0.56909338,0.056343538,-1E-15,1E-15,1E-15,-2.057791389,2.117212711,0.056343538
678,LC,-2.875903203,0.336294755,0.126013599,-0.130700579,0.624855753,0.63062839,-1.796034455,1.872439377,0.09128222
683,UL,-0.774523285,0.157962174,0.603060204,-0.68895877,0.063452776,0.554592844,-0.855920019,0.233959973,0.633004173
684,UM,-7.763744796,2.648555356,0.036755398,-1E-15,1E-15,0,-3.869549523,4.312100057,0.038461685
686,UL,-1.429360378,0.51645209,0.504000589,-2.397946574,0.3878852,0.143760595,-1.374141141,0.550185441,0.563907335
687,UL,-1.119610229,0.284140252,0.534536109,-0.619385575,0.051622955,0.584491904,-1.258563519,0.360627767,0.526946413
688,MC,-2.749214021,0.425024712,0.107889762,-0.916119318,0.223374991,0.512598698,-3.633628187,0.757503759,0.065113866
690,UM,-3.32932913,0.492174253,0.072336479,-0.099097812,0.637168287,0.695993991,-1.905419574,1.987516883,0.055163185
691,UM,-2.68783994,0.386062989,0.1375056,-0.260470373,0.685758825,0.551208575,-1.754786242,1.849011906,0.091566896
692,UM,-2.36940267,0.372971617,0.157536972,-0.074963857,0.61395237,0.644878132,-1.486901087,1.599769452,0.109313477
693,UL,-1.009661477,0.268220954,0.578394828,-0.341732014,0.069245163,0.789695965,-1.252164087,0.374448722,0.538026153
694,UM,-2.158283597,0.375202447,0.206117848,-0.202509064,0.66489831,0.584642098,-1.398652938,1.525694486,0.140886396
699,MC,-1.684583619,0.319443931,0.29846514,-0.683698987,0.123826894,0.598053815,-2.17738676,0.50986894,0.234447253
700,MC,-1.697658955,0.317536739,0.28436197,-1.090464592,0.183152015,0.416316574,-2.101402658,0.466727834,0.233869705
701,UL,-2.320479593,0.772658505,0.333121434,-1E-15,1E-15,1E-15,-2.376963292,0.797468521,0.333121434
702,UL,-2.280216583,0.648955406,0.300101316,-1.264792405,0.194638414,0.368675663,-2.42716541,0.739279047,0.297107133
703,UL,-1.17714723,0.287395934,0.509943018,-0.409237273,0.065344982,0.734536443,-1.36093614,0.364566166,0.483221375
707,MC,-2.241814645,0.476511656,0.20342745,-0.670791704,0.13065914,0.606752693,-2.447645669,0.574747764,0.185242043
708,MC,-4.885142962,1.59638327,0.055483418,-1E-15,1E-15,1E-15,-4.879365006,1.618022031,0.055483418
709,MC,-1.977401565,0.377310463,0.240401377,-0.887923508,0.171403795,0.510364859,-2.379479982,0.528927759,0.197448646
715,MC,-2.528567274,0.364086091,0.134196432,-0.808699776,0.178505715,0.557510204,-3.175056056,0.563868688,0.091987993
716,UL,-0.696315579,0.179957034,0.672898078,-0.354836178,0.078802378,0.786760904,-0.941947379,0.27686196,0.619256651
718,UM,-2.3786819,0.359293767,0.182943886,-0.244746746,0.684906855,0.570569156,-1.954158047,2.079406705,0.097647069
719,LC,-2.546945144,0.273604284,0.147303593,-0.188887148,0.641787524,0.564553909,-1.591103349,1.667272113,0.103276811
723,UM,-1.707294028,0.354460926,0.312879348,-0.179402369,0.657691779,0.604817311,-1.226471575,1.401604723,0.206718747
727,UM,-1.517320299,0.384239483,0.399661869,-0.369798786,0.74970401,0.503454238,-1.131829844,1.37052015,0.298766217
728,UM,-2.540665519,0.383204657,0.149650696,-0.287889129,0.710044811,0.55964453,-1.972911342,2.082161487,0.072498309
729,UL,-1.528999724,0.354232056,0.407357003,-0.961922592,0.080359602,0.431499847,-1.692112364,0.446710214,0.403869594
731,UL,-0.982982898,0.262527576,0.584491537,-0.461876552,0.085031961,0.716457495,-1.155107994,0.339978177,0.559611759
732,UM,-1.868035918,0.387920386,0.285579216,-0.266300429,0.710902553,0.617077369,-1.42423858,1.565692921,0.152575857
734,UM,-2.449994516,0.67486425,0.233122412,-0.016088224,0.606787071,0.720339638,-1.28986741,1.494366836,0.219958037
739,UM,-2.375436855,0.352653769,0.166040529,-0.238617351,0.682893514,0.566871612,-1.888132176,1.997291359,0.081168853
740,UM,-1.773296572,0.430030794,0.349064379,-0.303341507,0.71292031,0.544605683,-1.15651376,1.368795504,0.279106194
741,MC,-2.794723599,0.408736029,0.105110494,-0.729021759,0.19046997,0.605175915,-3.549808725,0.682948097,0.068703211
744,UL,-3.004577994,0.966122851,0.237744834,-0.801021545,0.198621638,0.579774944,-3.172554802,1.083602474,0.235247708
747,UL,-0.708207828,0.18426181,0.672574412,-0.312614205,0.068579385,0.811635144,-0.991528035,0.297677021,0.609936864
750,UM,-2.969983468,0.412228812,0.102926076,-0.222928901,0.664150821,0.534588055,-2.005857083,2.114934771,0.067322664
751,UM,-3.018181772,0.371902936,0.096030153,-0.171755993,0.65439366,0.611795731,-2.173312904,2.263219435,0.052240269
754,UL,-1.678710412,0.476023614,0.422304888,-1E-15,1E-15,1E-15,-1.710981134,0.485957653,0.422304888
759,UL,-1.919484994,0.379660045,0.289904969,-1.909618702,0.132363267,0.180096972,-1.976971168,0.492758058,0.331932734
760,UL,-4.571763003,1.341523976,0.091109332,-1E-15,1E-15,1E-15,-4.668939545,1.383030199,0.091109332
765,MC,-1.233952921,0.2336442,0.41327896,-0.57260575,0.114970654,0.665762009,-1.744056681,0.395304592,0.309370537
766,UM,-2.22044462,0.344090707,0.180496221,-0.234289755,0.671112588,0.538539339,-1.509078653,1.624072777,0.112227622
767,UM,-1.745426108,0.339340574,0.28413042,-0.015213816,0.600041784,0.681472942,-1.136332972,1.302048341,0.204679713
770,UL,-4.444435077,1.348955247,0.099481405,-1E-15,1E-15,1E-15,-4.542668122,1.397810163,0.099481405
772,MC,-2.668339139,0.447002594,0.117404184,-1.067309526,0.244190648,0.445107008,-3.709220721,0.866075042,0.067294694
773,MC,-4.005453349,0.497307849,0.0381446,-0.516273273,0.142201207,0.735973979,-4.161423353,0.551682771,0.035204794
774,UM,-2.64051721,0.508824337,0.16481429,-0.424728487,0.782195889,0.484001238,-1.681508685,1.815874232,0.118609392
775,MC,-1.051717196,0.224475743,0.485907586,-0.62193693,0.119369992,0.63556972,-1.518532559,0.403315897,0.386300876
776,MC,-1.761267812,0.299067536,0.264557585,-0.657865242,0.143286324,0.626472353,-2.511880887,0.553400881,0.173809804
778,UL,-0.572421207,0.144468045,0.719272546,-0.360167072,0.041567913,0.746481616,-0.690869305,0.206510233,0.708464118
779,UM,-2.440437478,0.43476251,0.165996181,-0.071940633,0.610705484,0.640554726,-1.56198346,1.699033919,0.121504003
780,UM,-2.09388041,0.339533163,0.202767409,-0.11895912,0.626075403,0.606357242,-1.435588034,1.562572097,0.130173561
781,UL,-1.730305098,0.389227331,0.362648286,-0.367246696,0.074756702,0.773710915,-1.994451618,0.502454337,0.336166624
783,UL,-0.97911311,0.224280647,0.557159082,-1.019969513,0.050087881,0.39089267,-0.992860716,0.264798446,0.591704594
790,UM,-2.495306828,0.455273425,0.172322463,-0.272049186,0.694040352,0.538508274,-1.494391762,1.621690354,0.135000283
794,UM,-6.12767049,0.749540274,0.005747399,-0.045734031,0.614626073,0.665366938,-3.234553593,3.300156325,0.005175681
795,UM,-5.004695851,0.72375753,0.026664474,-1.509713862,1.57890706,0.089747737,-2.80579369,2.909035953,0.022677551
799,MC,-1.641639489,0.279924735,0.294201234,-0.53775004,0.125028311,0.693891673,-2.274886106,0.477318876,0.204793959
801,UL,-1.911853568,0.494661275,0.349042783,-0.316430538,0.081657321,0.824852222,-1.964162871,0.513054291,0.34711584
805,MC,-2.604785907,0.31305805,0.117936894,-0.584341752,0.111651267,0.650903455,-3.496736823,0.610752839,0.072359911
806,MC,-2.14912198,0.367150017,0.195055077,-0.709970823,0.154769298,0.600349965,-2.640076051,0.541934027,0.148557469
809,MC,-2.80470846,0.428247566,0.105725417,-0.78143728,0.218304324,0.585993736,-3.628215419,0.740038353,0.066942797
811,LC,-2.271534764,0.201179414,0.167094788,-0.20077676,0.645334864,0.549334177,-1.720298289,1.783513789,0.084001194
814,MC,-3.959265719,0.528540879,0.038376151,-0.837498512,0.221912619,0.553283143,-4.85945796,0.932226357,0.025611603
815,UM,-2.45201542,0.480084301,0.185082753,-0.180089116,0.656441739,0.589110236,-1.528400146,1.676448077,0.143717784
818,UM,-2.630538349,0.477058612,0.163837207,-0.29811781,0.720259748,0.571510584,-1.773367064,1.903924232,0.109027497
819,UM,-1.462836573,0.335648687,0.379158112,-0.116882896,0.628897554,0.611763916,-0.950606114,1.173647741,0.292993844
821,MC,-3.051272729,0.422028593,0.076806167,-1.056679998,0.241650293,0.448014548,-4.065874917,0.787217145,0.041303548
822,MC,-2.418015783,0.3154922,0.144499893,-0.69257793,0.118702994,0.5896937,-3.247479804,0.595910113,0.092961888
823,UL,-1.14913076,0.248559782,0.493175758,-0.606200043,0.076030485,0.612966778,-1.468126114,0.391398113,0.454080292
824,UM,-5.304546509,0.941902711,0.026728064,-0.07401306,0.617871067,0.648186407,-2.87062059,3.003324059,0.025300622
826,UM,-4.806374239,0.552116878,0.024590494,-0.201223969,0.679532809,0.62487023,-2.967908058,3.058702308,0.017567173
828,MC,-2.611608338,0.400298771,0.128580698,-0.731445317,0.17780521,0.595616983,-3.243264684,0.622407595,0.091236687
830,UL,-1.617580991,0.372518868,0.384732569,-0.491868171,0.126197023,0.727524324,-1.827846879,0.453601798,0.359662327
834,MC,-1.975277273,0.412044482,0.236713408,-0.736050135,0.203859021,0.61192392,-2.55712777,0.649109871,0.173027109
835,UM,-1.933897599,0.329060183,0.235160927,-0.131983123,0.637981226,0.628832246,-1.36773094,1.495506368,0.140602027
836,UM,-1.572173463,0.292139356,0.355795445,-0.328716247,0.71653128,0.496828543,-1.342299718,1.497599542,0.229220149
837,UM,-2.074997476,0.420781105,0.236917949,-0.258544577,0.690367464,0.544395526,-1.26708307,1.423569116,0.182761451
842,UM,-2.668497085,0.44675108,0.136532275,-0.225195706,0.673419346,0.566381866,-1.527881074,1.636273119,0.109282101
843,MC,-1.789001038,0.385200415,0.294421657,-0.573354502,0.126053414,0.67666354,-2.06184248,0.500640405,0.25843122
844,UM,-3.280041861,0.42298835,0.083151182,-0.9472895,1.092763021,0.176039434,-2.154759753,2.260838075,0.061699446
847,UL,-3.443338921,1.093966104,0.180556943,-1E-15,1E-15,1E-15,-3.5231963,1.130109507,0.180556943
848,UL,-1.09942,0.336328839,0.574514456,-1.087831189,0.404977137,0.59709692,-1.12825769,0.347915624,0.572786729
850,UL,-1.238914668,0.287459776,0.469915893,-1.165154232,0.100479042,0.361185724,-1.299224545,0.367264514,0.504538566
851,UL,-1.410313061,0.334019497,0.424533538,-0.850443441,0.097903937,0.497444505,-1.607138661,0.443803218,0.411095576
852,UL,-1.222261228,0.255666103,0.471591129,-0.259821432,0.054326744,0.843301076,-1.368122202,0.301776842,0.445465662
855,UM,-2.746854734,0.335545036,0.107432462,-0.116918764,0.627113818,0.611174244,-1.93060346,2.017456521,0.058483238
859,MC,-2.753565025,0.498467068,0.129609034,-0.513700694,0.136883619,0.717779843,-3.038357018,0.629207989,0.113755176
861,UM,-2.159112379,0.39911512,0.223744242,-0.276222114,0.686985382,0.502611019,-1.426910229,1.577137687,0.167144378
862,UM,-3.44896858,0.431798298,0.072397443,-0.328519781,0.711247738,0.473361045,-2.19587512,2.279692711,0.050627936
863,UM,-2.267012154,0.455258478,0.211869932,-0.200510448,0.675529453,0.621321178,-1.468288148,1.61610506,0.150398102
868,UM,-2.913992889,0.662814323,0.159996919,-0.272849236,0.752263389,0.677794321,-1.723884576,1.873377319,0.126736781
869,UL,-1.446876164,0.450633254,0.485605456,-0.688115086,0.098190371,0.57924675,-1.54510722,0.508898579,0.48133968
870,UL,-2.971642571,0.875600027,0.215847773,-1E-15,1E-15,1E-15,-3.034661928,0.901342128,0.215847773
871,UM,-4.542030605,0.589325009,0.032456231,-0.294931586,0.714138529,0.543368004,-2.762294102,2.857246933,0.024280888
874,UM,-2.158490472,0.429025997,0.216870731,-0.155870372,0.641937369,0.582757003,-1.265872762,1.421268372,0.176891382
875,UM,-1.264769118,0.365857863,0.479140693,-0.275770432,0.717535636,0.584198692,-0.863235352,1.119135051,0.354403642
877,UL,-1.700688564,0.38773697,0.355637713,-1.029979187,0.303019127,0.511878602,-1.803272126,0.416131769,0.344775721
878,MC,-2.385900128,0.432032123,0.170088537,-0.740578714,0.163544155,0.588170312,-2.761356604,0.586868363,0.140821821
879,MC,-34.53877639,3.69667E-13,1E-15,-1E-15,1E-15,1E-15,-1E-15,1E-15,1E-15
883,UM,-2.817689639,0.419122691,0.12338777,-0.06791988,0.622697299,0.684390432,-1.859584836,1.961601277,0.082379332
884,MC,-1.732579008,0.273528184,0.267028195,-0.553710727,0.124229062,0.686974958,-2.297628461,0.431985904,0.189120082
885,UL,-1.408806739,0.336310672,0.431773853,-1.223522479,0.122238336,0.352210837,-1.497917494,0.416854569,0.450359611
887,UL,-2.911938739,0.92399404,0.235281153,-2.646615779,0.520060579,0.132142273,-2.99263543,0.976887398,0.237967454
889,UM,-2.579084775,0.598021559,0.206881223,-0.364667304,0.774625486,0.590991494,-1.564064525,1.723582454,0.162074173
890,UM,-1.25674268,0.312923152,0.440794986,-0.195257395,0.661945523,0.584155114,-0.799815964,1.06038269,0.338487488
898,UL,-2.002660305,0.372920654,0.277872485,-0.306873822,0.076431775,0.830677186,-2.126408178,0.412028526,0.267090343
907,UM,-1.709883561,0.358561612,0.318437374,-0.162635532,0.642461019,0.57614454,-1.14504473,1.335226368,0.241988841
908,UM,-2.011068256,0.458922645,0.278337439,-0.299953155,0.73744346,0.596232077,-1.467097216,1.624920688,0.173169406
909,UM,-3.66500884,0.594467938,0.084227995,-0.512103236,0.805880427,0.377629445,-2.100615014,2.202288916,0.073237202
910,UM,-1.43173032,0.336198154,0.391819962,-0.12567096,0.633280606,0.620259675,-0.978179279,1.203736753,0.290506445
911,UM,-2.352786093,0.489294747,0.191538109,-0.022936455,0.603905008,0.684031057,-1.306825995,1.459352437,0.166176809
914,UM,-2.547332754,0.453554891,0.160764749,-0.306048297,0.719822786,0.554616162,-1.695083714,1.819357352,0.103794161
915,MC,-1.729997531,0.262585478,0.261367136,-0.533028171,0.120931994,0.699795734,-2.361979123,0.4384547,0.175301258
916,UM,-3.810808429,0.751745931,0.075748018,-0.264388023,0.715092648,0.605317082,-2.112674067,2.242880408,0.066796913
917,UM,-2.387437052,0.399686275,0.179517885,-0.116487696,0.634027942,0.640500301,-1.633614869,1.756277731,0.119549764
918,UM,-2.579871901,0.504225626,0.184061861,-0.260141222,0.69488126,0.561818558,-1.682660242,1.837036818,0.139447181
919,UM,-2.434229282,0.627548904,0.265696732,-0.306042203,0.736374894,0.592125983,-1.696663944,1.95713957,0.211621188
922,UM,-1.257188749,0.358142549,0.479592422,-0.27215193,0.706570026,0.57447415,-0.733802616,1.023977012,0.39913393
923,UM,-2.119537724,0.413421436,0.209899644,-0.03866637,0.60663774,0.673093686,-1.257741111,1.408884931,0.164308555
924,UL,-1.165550087,0.299919193,0.52439341,-0.40718033,0.116955309,0.790037108,-1.373009247,0.378445656,0.487884418
926,UL,-1.505302902,0.365844492,0.422638682,-0.563334077,0.143683486,0.693950039,-1.632695562,0.412927059,0.407289772
927,UM,-2.307689539,0.40150671,0.189591244,-0.264507006,0.681467999,0.50151569,-1.43409456,1.566172353,0.145743373
929,UL,-4.980649537,1.771736196,0.100830023,-1E-15,1E-15,1E-15,-5.1122835,1.842699747,0.100830023
930,UL,-4.329577588,1.464656257,0.127959948,-1E-15,1E-15,1E-15,-4.433720772,1.518667405,0.127959948
940,MC,-1.630056048,0.286634175,0.304360559,-0.476611174,0.108867594,0.732236394,-2.046545344,0.416061848,0.239940325
941,MC,-3.769477099,0.389251853,0.041542831,-0.372093833,0.10239722,0.801820156,-4.458305613,0.641417076,0.029384499
943,UM,-2.72149763,0.496240145,0.152300086,-0.354318247,0.730331933,0.479665903,-1.685118341,1.817514108,0.118433319
944,UM,-1.808208761,0.47964588,0.33589567,-0.25395516,0.697176715,0.575395783,-1.134879261,1.364349874,0.271710638
946,MC,-1.916228667,0.312647008,0.229561933,-0.675634896,0.132505359,0.607504398,-2.637221106,0.569967636,0.154507117
947,MC,-2.482520776,0.520632363,0.154365502,-1.166345046,0.312250009,0.42308943,-3.087694134,0.765420894,0.111933479
949,UM,-4.643838312,0.784471402,0.034434142,-1E-15,1E-15,1E-15,-2.332213681,2.411431168,0.034434142
951,UM,-2.541084477,0.495560359,0.187067932,-0.238729568,0.701629553,0.623946197,-1.823617729,1.983248227,0.12204501
954,UM,-11.80232484,3.635300859,0.001537286,-1E-15,1E-15,1E-15,-5.974195081,6.513902027,0.001537286
955,MC,-2.271413012,0.282397831,0.161807473,-0.470030402,0.088004064,0.714224069,-2.836822489,0.447434034,0.116680582
956,UM,-2.019780245,0.436763941,0.27371309,-0.136359818,0.643211822,0.640422586,-1.323368187,1.498286712,0.208025211
957,UM,-7.481239637,1.659190589,0.009021035,-1E-15,1E-15,1E-15,-3.772622165,3.956090881,0.009021035
960,UM,-2.430718401,0.456010278,0.181196072,-0.216671155,0.665213953,0.548517047,-1.429738544,1.565303132,0.14803058
961,UM,-0.864375483,0.140434116,0.5077613,-0.221811411,0.65679441,0.5077613,-1E-15,1E-15,1E-15
963,UM,-2.085772224,0.337428658,0.215900868,-0.094811375,0.622960039,0.642823919,-1.582666042,1.709194973,0.126401898
965,UM,-2.732976874,0.498946746,0.159412612,-0.226242568,0.674185798,0.588375395,-1.739174059,1.876734664,0.12134751
967,UM,-1.998369687,0.432138838,0.256152789,-0.202672551,0.667202947,0.588784656,-1.254305405,1.427899094,0.194142912
968,UM,-6.412731493,1.616091556,0.026520862,-0.916128991,1.318714692,0.602246288,-3.28753835,3.50644781,0.025861507
972,UL,-1.150605819,0.286780897,0.513846247,-0.78673583,0.109814476,0.535905117,-1.329104086,0.389475493,0.507460359
973,UL,-1.209756475,0.315058553,0.516841845,-0.573655815,0.066673982,0.626692441,-1.437465252,0.43614214,0.496818634
974,MC,-2.410029324,0.328056818,0.147033857,-0.60145519,0.136649743,0.657650925,-3.017507146,0.511882129,0.103340248
975,UM,-5.435626536,1.270517196,0.040573479,-0.265722988,0.747341611,0.668187358,-2.79788502,2.971065557,0.039992041
983,MC,-1.636693488,0.367594521,0.311897135,-0.9474598,0.215604054,0.481468008,-2.184685002,0.598314669,0.243410263
984,UM,-2.223159124,0.425293341,0.213701271,-0.300763215,0.706507253,0.520773297,-1.398898669,1.542386504,0.159890376
986,UM,-1.515874627,0.315963245,0.34276663,-0.131030751,0.629262243,0.584399228,-1.042681037,1.244998451,0.247909525
989,UL,-1.860471975,0.442363772,0.348437356,-0.446308518,0.073863974,0.720244211,-2.070041257,0.539199325,0.331355786
996,UL,-2.232185503,0.558488729,0.282522754,-0.484072477,0.089204074,0.703877271,-2.373989166,0.632959934,0.275467704
1005,UM,-2.533324063,0.601100983,0.239924999,-0.246217873,0.710110531,0.630526375,-1.637206458,1.83191994,0.194160567
1009,UM,-1.615607372,0.317687772,0.314951352,-0.134270939,0.630621373,0.581274465,-1.091362369,1.274487984,0.227393747
1011,UM,-3.2777072,0.632889206,0.109176207,-0.172280766,0.664107617,0.635684564,-1.890807234,2.023283496,0.092394815
1013,MC,-6.770150278,1.459842676,0.007097717,-1E-15,1E-15,1E-15,-6.760576702,1.468608908,0.007097717
1019,UM,-4.386175573,0.685430726,0.054591724,-0.529138951,0.840448118,0.432786468,-2.796620649,2.948854845,0.043473934
1021,UM,-3.147323437,0.533642523,0.104324639,-0.258202997,0.694579506,0.57478703,-1.843325208,1.949543014,0.082473807
1023,UM,-1.702375105,0.284541736,0.286860072,-0.086386054,0.618822826,0.645221913,-1.423398553,1.556059348,0.152001061
1030,MC,-2.693036752,0.364467552,0.117114434,-0.746902781,0.146427478,0.575666579,-3.22546092,0.528287032,0.087027165
1031,MC,-3.610434049,0.553172739,0.061392489,-1.037489724,0.265115732,0.467866232,-3.81226807,0.620507238,0.055620112
1032,UM,-2.971018001,0.555269451,0.129722136,-0.364032347,0.742215053,0.506990601,-1.820429297,1.956052209,0.100263822
1035,UM,-2.904194146,0.613043889,0.136595544,-0.200289461,0.675024758,0.613625798,-1.606429082,1.745316064,0.119328614
1042,UM,-2.145998044,0.379618461,0.206600199,-0.143113327,0.640118731,0.608344098,-1.415699755,1.54991746,0.141503571
1044,UM,-4.604315593,1.303285397,0.062901617,-1E-15,1E-15,1E-15,-2.328791416,2.527681978,0.062901617
1045,UM,-2.829937583,0.417793047,0.113041594,-0.289349131,0.71330584,0.556038018,-1.819120633,1.904298629,0.069585164
1046,UM,-2.94209809,0.518372057,0.122229669,-0.304115619,0.7401378,0.605470844,-1.907920084,2.016640991,0.077926944
1047,UM,-2.127935243,0.396070233,0.230433441,-0.397137354,0.755150062,0.466001669,-1.435663909,1.575589155,0.160407289
1048,UM,-2.797298486,0.519761176,0.140699779,-0.261585292,0.712427472,0.611808851,-1.7394308,1.859667936,0.100325434
1049,UM,-4.453222151,0.873208014,0.057862834,-1.242697506,1.395307929,0.180120101,-2.706818841,2.874939322,0.045960175
1050,UM,-3.216481412,0.468909934,0.090841607,-0.475454998,0.803658923,0.4508369,-2.16369851,2.264665382,0.05428285
1051,UM,-2.068505238,0.381624669,0.223079764,-0.131223057,0.635541578,0.617663034,-1.390415657,1.536621987,0.152101142
1059,UM,-1.617763758,0.349776904,0.349842253,-0.106303697,0.631913358,0.65531162,-1.367860194,1.565591548,0.217134597
1061,UM,-2.972955415,0.509013318,0.115384774,-0.365673393,0.739466797,0.495311152,-1.766286533,1.87837942,0.088636047
1065,UM,-2.466499479,0.477387235,0.174207563,-0.441165385,0.781535494,0.455574543,-1.468531185,1.602788825,0.133935698
1069,UM,-2.042432031,0.359051554,0.226124892,-0.075092903,0.61083784,0.624165807,-1.348488586,1.491658682,0.162515142
1072,UM,-2.172175416,0.404947449,0.221508438,-0.21904367,0.674541329,0.575289365,-1.584184132,1.735699958,0.143168995
1076,UM,-1.590089005,0.38461324,0.357192161,-0.170929851,0.653285367,0.603293479,-1.035482666,1.255802337,0.273089216
1079,UM,-3.602960742,0.977015961,0.104305292,-1E-15,1E-15,1E-15,-1.804717795,1.973954113,0.104305292
1080,UM,-2.126751934,0.293262203,0.187561174,-0.095792036,0.621965724,0.629858736,-1.715241962,1.817073388,0.089898394
1082,UM,-3.11346888,0.321600169,0.074357331,-0.220929925,0.670755739,0.557205353,-2.345633415,2.418243923,0.030865818
1084,UM,-3.085819322,0.403150476,0.089950087,-0.067679714,0.608188215,0.645220901,-1.973891531,2.062619867,0.061260347
1085,UM,-1.953923139,0.440159404,0.277610474,-0.09212583,0.634143947,0.675569328,-1.224241679,1.402971191,0.214192574
1086,UM,-6.750219231,0.629655137,0.003006679,-0.189808482,0.662966803,0.593826582,-3.777807517,3.836703394,0.002258674
1087,UM,-6.897377797,1.796394346,0.013008548,-1E-15,1E-15,1E-15,-3.48518176,3.716911345,0.013008548
1089,MC,-2.251091592,0.271947479,0.160346049,-0.563414636,0.122340487,0.683559006,-2.798928432,0.39997204,0.111640014
1092,MC,-2.36048989,0.363325604,0.165153155,-0.608198183,0.12591618,0.652778118,-2.717654683,0.479994999,0.135999811
1100,UM,-6.130555265,1.006685384,0.011724888,-0.005057385,0.587698717,0.65916188,-3.252405313,3.375086272,0.011267852
1103,UM,-3.179302659,0.496563666,0.087796173,-0.186593947,0.666523875,0.607161365,-1.887566012,1.98416389,0.065217248
1106,UM,-2.439293315,0.459961309,0.18858701,-0.192447218,0.663557866,0.601033275,-1.633630221,1.781246752,0.134635141
1114,MC,-5.270874798,1.033364,0.023744951,-1E-15,1E-15,1E-15,-5.272062872,1.03264401,0.023744951
1121,MC,-2.326727037,0.375166247,0.166679259,-0.923086643,0.162132414,0.489743199,-2.743753321,0.517125157,0.132419068
1131,UM,-2.011449621,0.393541198,0.242011759,-0.201798249,0.660571354,0.572359345,-1.289761052,1.448027094,0.177581157
1132,MC,-2.265581598,0.299248648,0.166143622,-0.552271599,0.111664902,0.676825236,-2.69291977,0.413607145,0.128500086
1134,UM,-3.269216786,0.473754057,0.091622139,-0.449488809,0.773630694,0.421876866,-2.068113723,2.168518819,0.066304985
1140,UM,-3.497914397,0.733803046,0.086588221,-0.10541332,0.645171525,0.679376709,-1.749814425,1.86463542,0.086473439
1142,UM,-3.416519619,0.457634794,0.089761193,-0.213025675,0.67951564,0.674727379,-2.722962167,2.905893253,0.051082061
1143,UM,-7.234946669,2.046935294,0.013350953,-1E-15,1E-15,0,-3.65977888,3.944125131,0.013363084
1144,UM,-2.23646587,0.405725774,0.205796234,-0.305312442,0.713196519,0.541372026,-1.527120823,1.658923782,0.13258427
1145,UM,-3.466548453,0.498543502,0.077296113,-0.246204599,0.684180073,0.555804358,-2.311371753,2.444076162,0.053019806
1146,UM,-2.748153947,0.478373407,0.141087694,-0.11470534,0.626448227,0.610205382,-1.700351136,1.828195796,0.109956889
1151,UM,-1.886570388,0.377548917,0.289185487,-0.322174781,0.714679886,0.499622788,-1.391031936,1.566154769,0.203847101
1156,MC,-2.455909608,0.390772407,0.155103074,-0.716108804,0.173985051,0.612178079,-2.699498017,0.459055862,0.134934928
1157,UM,-2.185654125,0.406423854,0.213571572,-0.244221279,0.682270768,0.555371447,-1.445629551,1.586102204,0.149287737
